id,title,artist,year
1,Last Dance (Prod. GroovyRoom),(여자)아이들,20210429
2,LATATA,(여자)아이들,20180502
3,MORE,"(여자)아이들, Madison Beer, Lexie Liu (려위위), Jaira Burns, 세라핀 (Seraphine), K/DA, League of Legends",20201029
4,Oh my god,(여자)아이들,20200406
5,Senorita,(여자)아이들,20190226
6,TOMBOY,(여자)아이들,20220314
7,Uh-Oh,(여자)아이들,20190626
8,덤디덤디 (DUMDi DUMDi),(여자)아이들,20200803
9,한,(여자)아이들,20180814
10,사랑해,(여자)아이들,20200406
11,화,(여자)아이들,20210111
12,MAZE,(여자)아이들,20180502
13,MOON,(여자)아이들,20210111
14,싫다고 말해,(여자)아이들,20190226
15,DON`T TEXT ME,(여자)아이들,20180502
16,MY BAG,(여자)아이들,20220314
17,LION,(여자)아이들,20191025
18,POP/STARS,(여자)아이들 & Madison Beer & Jaira Burns,20181104
19,너가없는노래 (Feat. 에릭남),2LSON,20190913
20,I Don't Care,2NE1,20090708
21,In The Club,2NE1,20090708
22,Let's Go Party,2NE1,20090708
23,Pretty Boy,2NE1,20090708
24,Stay Together,2NE1,20090708
25,Hate You,2NE1,20110728
26,UGLY,2NE1,20110728
27,Don`t Stop The Music,2NE1,20110728
28,Crush,2NE1,20140227
29,Come Back Home,2NE1,20140227
30,너 아님 안돼,2NE1,20140227
31,살아 봤으면 해,2NE1,20140227
32,착한 여자,2NE1,20140227
33,멘붕 (CL Solo),2NE1,20140227
34,Happy,2NE1,20140227
35,Scream,2NE1,20140227
36,Baby I Miss You,2NE1,20140227
37,Come Back Home (Unplugged Ver.),2NE1,20140227
38,DO YOU LOVE ME,2NE1,20130807
39,Falling In Love,2NE1,20130708
40,Fire,2NE1,20090506
41,I Don`t Care (Reggae Mix Ver.),2NE1,20090903
42,I Love You,2NE1,20120705
43,Lonely,2NE1,20110512
44,Can`t Nobody,2NE1,20100909
45,Go Away,2NE1,20100909
46,박수쳐,2NE1,20100909
47,난 바빠,2NE1,20100909
48,아파 (Slow),2NE1,20100909
49,사랑은 아야야,2NE1,20100909
50,그리워해요,2NE1,20131121
51,내가 제일 잘 나가,2NE1,20110624
52,안녕,2NE1,20170121
53,오늘 뭐해,4minute,20140317
54,거울아 거울아,4minute,20110405
55,Muzik,4minute,20090828
56,HUH,4minute,20100519
57,Hot Issue,4minute,20090615
58,이름이 뭐예요?,4minute,20130426
59,Volume Up,4minute,20120409
60,6월부터 1월까지,015B & 양파,20181019
61,I Dream,"15& (박지민, 백예린)",20121005
62,Somebody,"15& (박지민, 백예린)",20130407
63,Star,"15& (박지민, 백예린)",20140526
64,Sugar,"15& (박지민, 백예린)",20140526
65,Shy Ma Boy,"15& (박지민, 백예린)",20140526
66,Oh My God,"15& (박지민, 백예린)",20140526
67,Rain & Cry,"15& (박지민, 백예린)",20140526
68,Not Today Not Tomorrow,"15& (박지민, 백예린)",20140526
69,Silly Boy,"15& (박지민, 백예린)",20140526
70,사랑은 미친짓 (Feat. 칸토 of 트로이),"15& (박지민, 백예린)",20150209
71,티가 나나봐,"15& (박지민, 백예린)",20140413
72,Best Lover,88rising & 비비 (BIBI),20220416
73,The Weekend,89rising & 비비 (BIBI),20211014
74,BREATHE,AB6IX (에이비식스),20190522
75,Make You Feel My Love,Adele,20081111
76,Black Mamba,aespa,20201117
77,Dreams Come True,aespa,20211220
78,Girls,aespa,20220708
79,Next Level,aespa,20210517
80,Savage,aespa,20211005
81,I'll Make You Cry,aespa,20211005
82,YEPPI YEPPI,aespa,20211005
83,ICONIC,aespa,20211005
84,자각몽 (Lucid Dream),aespa,20211005
85,HAPPENING,AKMU (악동뮤지션),20201116
86,뱃노래,AKMU (악동뮤지션),20190925
87,물 만난 물고기,AKMU (악동뮤지션),20190925
88,"어떻게 이별까지 사랑하겠어, 널 사랑하는 거지",AKMU (악동뮤지션),20190925
89,달,AKMU (악동뮤지션),20190925
90,FREEDOM,AKMU (악동뮤지션),20190925
91,더 사랑해줄걸,AKMU (악동뮤지션),20190925
92,고래,AKMU (악동뮤지션),20190925
93,밤 끝없는 밤,AKMU (악동뮤지션),20190925
94,작별 인사,AKMU (악동뮤지션),20190925
95,시간을 갖자,AKMU (악동뮤지션),20190925
96,전쟁터 (With 이선희),AKMU (악동뮤지션),20210726
97,낙하 (With 아이유),AKMU (악동뮤지션),20210726
98,BENCH (With Zion.T),AKMU (악동뮤지션),20210726
99,째깍 째깍 째깍 (With Beenzino),AKMU (악동뮤지션),20210726
100,맞짱 (With 잔나비 최정훈),AKMU (악동뮤지션),20210726
101,Stupid love song (With Crush),AKMU (악동뮤지션),20210726
102,EVEREST (with Sam Kim),AKMU (악동뮤지션),20210726
103,2002,Anne-Marie,20180427
104,빙글뱅글 (Bingle Bangle),AOA,20180528
105,심쿵해 (Heart Attack),AOA,20150622
106,GET OUT,AOA,20121010
107,단발머리 (Short Hair),AOA,20140619
108,짧은 치마 (Miniskirt),AOA,20140116
109,너나 해 (Egotistic),AOA,20190913
110,BUBIBU (Remix Ver.),에이핑크,20120706
111,Good Morning Baby,에이핑크,20140113
112,Mr. Chu (On Stage),에이핑크,20140331
113,LUV,에이핑크,20141124
114,Remember,에이핑크,20150716
115,NoNoNo,에이핑크,20130705
116,몰라요,에이핑크,20110419
117,My My,에이핑크,20111122
118,NoNoNo (Ballad Ver.),에이핑크,20161215
119,LUV (Ballad Ver.),에이핑크,20161215
120,Dilemma,에이핑크,20220214
121,1도 없어,에이핑크,20180702
122,FIVE,에이핑크,20170626
123,Side To Side (Feat. Nicki Minaj),Ariana Grande,20171013
124,Problem (Feat. Iggy Azalea),Ariana Grande,20140502
125,Santa Tell Me,Ariana Grande,20141124
126,"thank u, next",Ariana Grande,20181104
127,Paranoid,ASH ISLAND,20190322
128,발할라 (Valhalla) (Feat. Hash Swan & Yami Tommy),ASH ISLAND,20190322
129,Error (Feat. Loopy),ASH ISLAND,20200702
130,악몽,ASH ISLAND,20190408
131,Paranoid Remix (Feat. CHANGMO & Paul Blanco),ASH ISLAND,20190602
132,걸어본다,B1A4,20121112
133,잘자요 굿나잇,B1A4,20120524
134,Lonely (없구나),B1A4,20140113
135,Break,Beenzino,20151009
136,Counting Stars (Feat. Beenzino),BE'O (비오),20211212
137,리무진 (Feat. MINO) (Prod. by 그레이 (GRAY)),BE'O (비오),20211120
138,The Time Goes On,BewhY (비와이),20150310
139,Joker (Feat. JAMIE),BIG Naughty (서동현),20210225
140,This Love,BIGBANG,20060829
141,IF YOU,BIGBANG,20150701
142,마지막 인사,BIGBANG,20071122
143,Last Dance (Prod. GroovyRoom),BIGBANG,20161213
144,꽃 길,BIGBANG,20180313
145,bad guy,Billie Eilish,20190329
146,How You Like That,BLACKPINK,20200626
147,Ice Cream (with Selena Gomez),BLACKPINK,20200828
148,Kill This Love,BLACKPINK,20190405
149,Don`t Know What To Do,BLACKPINK,20190405
150,Kick It,BLACKPINK,20190405
151,아니길 (Hope Not),BLACKPINK,20190405
152,휘파람,BLACKPINK,20160808
153,붐바야,BLACKPINK,20160808
154,불장난,BLACKPINK,20161101
155,STAY,BLACKPINK,20161101
156,휘파람 (Acoustic Ver.),BLACKPINK,20161101
157,뚜두뚜두 (DDU-DU DDU-DU),BLACKPINK,20180615
158,Forever Young,BLACKPINK,20180615
159,Really,BLACKPINK,20180615
160,See U Later,BLACKPINK,20180615
161,Pretty Savage,BLACKPINK,20201002
162,Bet You Wanna (Feat. Cardi B),BLACKPINK,20201002
163,Lovesick Girls,BLACKPINK,20201002
164,Crazy Over You,BLACKPINK,20201002
165,Love To Hate Me,BLACKPINK,20201002
166,You Never Know,BLACKPINK,20201002
167,마지막처럼,BLACKPINK,20170622
168,물들어,BMK,20070301
169,꽃피는 봄이오면,BMK,20050113
170,L4L (Lookin` For Luv) (Feat. Dok2 & The Quiett),BOBBY,20140821
171,"Feels (Feat. Pharrell Williams, Katy Perry & Big Sean)",Calvin Harris,20170630
172,Havana (Feat. Young Thug),Camila Cabello,20180112
173,"Don`t touch me, plz (Prod.공기남)",Chan,20190514
174,regretful (feat. SHIRT),Chan,20201020
175,겨울공원 (feat. SHIRT),Chan,20220113
176,겨울에 (Prod.공기남),Chan,20191220
177,수족냉증,Chan,20200218
178,예쁘게 말하는 게,Chan,20201229
179,CINEMA,CHIMMI (취미),20181218
180,I like it,CHIMMI (취미),20200602
181,I don't want no champagne,CHIMMI (취미),20200602
182,Dance with me,CHIMMI (취미),20200602
183,너 없인 안돼,CHIMMI (취미),20200602
184,서로에게 가까이,CHIMMI (취미),20200602
185,산책,CHIMMI (취미),20210926
186,Need You,CHIMMI (취미),20210926
187,Just Friends,CHIMMI (취미),20210926
188,Real Or Not,CHIMMI (취미),20210926
189,Hold Me Like You Mean It,CHIMMI (취미),20210926
190,Honey,CHIMMI (취미),20180823
191,In My Dream,CHIMMI (취미),20191204
192,Take Me Tonight,CHIMMI (취미),20190809
193,New,CHIMMI (취미),20181218
194,Butter,CHIMMI (취미),20190507
195,랑데뷰 (Rendezvous),CHIMMI (취미),20190507
196,어색해 (Awkward),CHIMMI (취미),20190507
197,Runaway,CHIMMI (취미),20180601
198,Secret,CHIMMI (취미),20180920
199,Stranger,CHIMMI (취미),20181029
200,Sugar,CHIMMI (취미),20220221
201,그래야만 했냐,CHIMMI (취미),20210220
202,Hello Bitches,CL,20151205
203,SPICY,CL,20210824
204,나쁜 기집애,CL,20130528
205,대체 뭐부터 문제인가,Cloudybay,20200425
206,We’re gone (Feat. ASH ISLAND),Cloudybay,20200425
207,"일상다반사 (Feat. OLNL, BIG Naughty (서동현))",Cosmic Boy,20200121
208,"Can I Love ? (Feat. 유라(youra), Meego)",Cosmic Boy,20190218
209,우아해 (woo ah),Crush,20160506
210,Oasis (Feat. ZICO),Crush,20150709
211,SOFA,Crush,20141030
212,놓아줘 (with 태연),Crush,20201020
213,She Said (with 비비 (BIBI)),Crush,20201020
214,Cereal (Feat. ZICO),Crush,20180713
215,어떻게 지내,Crush,20161014
216,가끔,Crush,20140402
217,나빠(NAPPA),Crush,20190828
218,잊어버리지마 (Feat. 태연),Crush,20160122
219,아마도 그건,"Crush, 로꼬",20151104
220,Congratulations,Day6,20150907
221,Color,Day6,20150907
222,D (half moon) (Feat. 개코),DEAN,20160324
223,instagram,DEAN,20171226
224,불청객,DEAN,20170217
225,"what2do (Feat. Crush, Jeff Bernat)",DEAN,20160128
226,풀어 (Pour Up) (Feat. 지코 (ZICO)),DEAN,20151105
227,"하루살이 (feat. 설리, Rad Museum)",DEAN,20181108
228,그 길에서,DIA,20160614
229,Physical (feat. 화사),Dua Lipa,20200318
230,해가 지기 전에,에릭남,20171012
231,"유후 (You, Who?)","에릭남, 소미",20170309
232,꿈에 (솔지 SOLO) (2018 Remastering Ver.),EXID,20180115
233,아예 (Ah Yeah),EXID,20150413
234,아슬해,EXID,20150413
235,낮보다는 밤,EXID,20170410
236,WHOZ THAT GIRL,EXID,20120216
237,HOT PINK,EXID,20151118
238,ME&YOU,EXID,20190515
239,내일해,EXID,20180402
240,매일밤,EXID,20121002
241,위아래,EXID,20140827
242,Tempo,EXO,20181102
243,LOVE ME RIGHT,EXO,20150603
244,Love Shot,EXO,20181213
245,불공평해 (Unfair),EXO,20151210
246,으르렁 (Growl),EXO,20130805
247,나비소녀 (Don`t Go),EXO,20130603
248,3.6.5,EXO,20130603
249,피터팬 (Peter Pan),EXO,20130603
250,CALL ME BABY,EXO,20150328
251,PLAYBOY,EXO,20150330
252,Ko Ko Bop,EXO,20170718
253,12월의 기적 (Miracles In December),EXO,20131209
254,Christmas Day,EXO,20131209
255,첫 눈,EXO,20131209
256,중독 (Overdose),EXO,20140507
257,Chu~♡,f(x),20091104
258,Hot Summer,f(x),20110614
259,첫 사랑니 (Rum Pum Pum Pum),f(x),20130729
260,미행 (그림자: Shadow),f(x),20130729
261,Goodbye Summer (Feat. D.O. Of EXO),f(x),20130729
262,Airplane,f(x),20130729
263,피노키오 (Danger),f(x),20110420
264,All Mine,f(x),20160722
265,MILK,f(x),20140707
266,All Night,f(x),20140707
267,라차타 (LA chA TA),f(x),20090901
268,"Umbrella (Feat. 효린 Of 씨스타, Gill Chang)",Far East Movement,20161021
269,니가 뭔데 (Who You?),G-DRAGON,20130905
270,꿈이 뭐야 (Dream Chaser) (Feat. Dok2 & 크러쉬),그레이 (GRAY),20131025
271,Digital Lover (그레이 (GRAY) ver.),그레이 (GRAY),20200326
272,Moon Blue,그레이 (GRAY),20200514
273,하기나 해 (Feat. Loco),그레이 (GRAY),20150407
274,I Don't Love You (Feat. 쿠기),그레이 (GRAY),20210810
275,STAY THE NIGHT (Feat. DeVita),그레이 (GRAY),20200812
276,Summer Night (Remix) (Feat. Hoody),그레이 (GRAY),20160817
277,TMI,그레이 (GRAY),20190430
278,"잘 (I`m fine) (With 슬리피, 로꼬, Hoody)",그레이 (GRAY),20171009
279,깜빡 (Feat. Zion.T & Crucial Star),그레이 (GRAY),20120516
280,데려가줘 (Feat. MOON),그레이 (GRAY),20191214
281,썸머 (SOME MORE),"그레이 (GRAY), 로꼬, 수란 (SURAN), 에디킴",20180630
282,"Sunday (Feat. 헤이즈 (Heize), 박재범)",GroovyRoom (그루비룸),20170724
283,"어디쯤에 (Feat. 수란 (SURAN), pH-1)",GroovyRoom (그루비룸),20170724
284,"Loyalty (Feat. 에일리, Dok2)",GroovyRoom (그루비룸),20161214
285,봄 사랑 벚꽃 말고,"HIGH4 (하이포), 아이유",20140408
286,한강 (HANGANG),Hoody,20170824
287,Like You,Hoody,20160601
288,Let It Go,Idina Menzel,20131125
289,Into the Unknown,"Idina Menzel, Aurora",20191115
290,사랑을 했다 (LOVE SCENARIO),iKON,20180125
291,취향저격,iKON,20151116
292,LOCO,ITZY (있지),20210924
293,마.피.아. In the morning,ITZY (있지),20210430
294,Sorry Not Sorry,ITZY (있지),20210430
295,달라달라,ITZY (있지),20190212
296,ICY,ITZY (있지),20190729
297,WANNABE,ITZY (있지),20200309
298,Not Shy,ITZY (있지),20200817
299,ELEVEN,IVE (아이브),20211201
300,LOVE DIVE,IVE (아이브),20220405
301,라비앙로즈 (La Vie en Rose),IZ*ONE (아이즈원),20181029
302,Apollo 11 (Feat. 박재범),JAMIE (제이미),20201111
303,Numbers (Feat. 창모 (CHANGMO)),JAMIE (제이미),20200903
304,Rainy,JB (GOT7),20180421
305,Domino,Jessie J,20110829
306,Price Tag (Feat. B.o.B.),Jessie J,20110131
307,띵 (Prod. By 기리보이),"Jvcki Wai, 영비 (Young B), Osshun Gum, 한요한",20190113
308,Fadeaway,"Jvcki Wai, 쿠기 (Coogie), 팔로알토 (Paloalto), The Quiett, 뱃사공",20200529
309,Oh NaNa (Hidden. 허영지),K.A.R.D,20161213
310,Don`t Recall,K.A.R.D,20170216
311,RUMOR,K.A.R.D,20170424
312,How Can You Realize?,K.vsh (캐시),20200928
313,IZAKAYA (Feat. Jvcki Wai),Kid Milli,20180310
314,색 (Feat. MOON),KINDA BLUE (킨다블루),20220116
315,한사람,Lucia (심규선),20140522
316,해야할 일,Lucia (심규선),20140522
317,마음 단단히 먹어 (Feat. 에일리),MC 몽,20141103
318,도망가자 (Feat. 린),MC 몽,20141103
319,"고장난 선풍기 (Feat. 개리, 효린 Of 씨스타)",MC 몽,20141103
320,Now,MOON,20190824
321,Day n Nite (Feat. 식케이 (Sik-K)),MOON,20190824
322,MILLION (Feat. DOK2),MOON,20181031
323,밤거리 (Feat. Zion.T),MOON,20201021
324,멀어져가,MOON,20200526
325,이 밤이 (Feat.  Vince),MOON,20200526
326,BOSS,NCT U,20180314
327,Nerdy Love (Feat. 백예린),pH-1,20200109
328,ANYMORE (feat. ASH ISLAND),pH-1,20200508
329,"트루먼 쇼 Remix (Feat. 안병웅, Owen Ovadoz)",pH-1,20190930
330,Good Day (Feat. 팔로알토) (Prod. 코드 쿤스트),"pH-1, Kid Milli, 루피(Loopy)",20181006
331,HONEYMOON,PL,20200721
332,MALIBU,PL,20190614
333,ROSEMARY,PL,20200425
334,ICELAND,PL,20201126
335,ON-AIR (Feat. PLUMA),PL,20201126
336,카누 (Feat. 비비 (BIBI)),QM,20201212
337,"Yours (Feat. 이하이, 창모)","Raiden, 찬열 (CHANYEOL)",20200512
338,Psycho,Red Velvet (레드벨벳),20191223
339,Milky Way,Red Velvet (레드벨벳),20200821
340,Rookie,Red Velvet (레드벨벳),20170201
341,러시안 룰렛 (Russian Roulette),Red Velvet (레드벨벳),20160907
342,Ice Cream Cake,Red Velvet (레드벨벳),20150317
343,Automatic,Red Velvet (레드벨벳),20150317
344,Be Natural (Feat. SR14B `TAEYONG (태용)`),Red Velvet (레드벨벳),20141013
345,Bad Boy,Red Velvet (레드벨벳),20180129
346,Dumb Dumb,Red Velvet (레드벨벳),20150909
347,Time Slip,Red Velvet (레드벨벳),20150909
348,빨간 맛 (Red Flavor),Red Velvet (레드벨벳),20170709
349,7월 7일 (One Of These Nights),Red Velvet (레드벨벳),20160317
350,숨소리 (Breath) (Sung By 태연 (소녀시대) & 종현 (샤이니)),S.M. THE BALLAD,20140210
351,하루 (A Day Without You) (Sung By 종현 (샤이니) & CHEN (EXO)),S.M. THE BALLAD,20140211
352,SWEATY (Feat. Crush),SAAY,20171123
353,ZGZG,SAAY,20190607
354,Body Language (Feat. 범키),San E,20140804
355,아는사람 얘기,San E,20130802
356,Me You (Feat. 백예린 Of 15&),San E,20150423
357,한여름밤의 꿀,San E,20140612
358,Coach Me (Feat. 주헌),San E,20150102
359,사랑하자,SG 워너비,20160331
360,데리러 가 (Good Evening),SHINee (샤이니),20180528
361,Don't Call Me,SHINee (샤이니),20210222
362,Hello,SHINee (샤이니),20100930
363,산소 같은 너 (Love Like Oxygen),SHINee (샤이니),20080828
364,LFL (Feat. MELOH),SLO (슬로),20200316
365,"Party (Feat. Jhnovr, pH-1)",SLO (슬로),20190708
366,Distance (Sung By BoA),SMTOWN,20111213
367,회전목마 (Feat. Zion.T & 원슈타인) (Prod. by Slom),sokodomo,20211113
368,SO BAD,STAYC(스테이씨),20201112
369,ASAP,STAYC(스테이씨),20210408
370,Blanket (Feat. 원슈타인),수란 (SURAN),20210721
371,의식의 흐름 (Feat. 윤미래),수란 (SURAN),20190322
372,전화끊지마 (Feat. pH-1),수란 (SURAN),20190322
373,Relax Moment,수란 (SURAN),20200709
374,Sunny,수란 (SURAN),20210223
375,그놈의 별 (Feat. 헤이즈 (Heize)),수란 (SURAN),20190303
376,널 기다리고 있을게,수란 (SURAN),20191129
377,서핑해 (Surfin'),수란 (SURAN),20190719
378,안녕?!,수란 (SURAN),20190803
379,Memories... (Smiling Tears),윤미래,20020501
380,검은 행복,윤미래,20070223
381,ALWAYS,윤미래,20160218
382,FANCY,TWICE (트와이스),20190422
383,Feel Special,TWICE (트와이스),20190923
384,CHEER UP,TWICE (트와이스),20160425
385,Dance The Night Away,TWICE (트와이스),20180709
386,OOH-AHH하게,TWICE (트와이스),20151020
387,TT,TWICE (트와이스),20161024
388,LIKEY,TWICE (트와이스),20171030
389,거북이,TWICE (트와이스),20171030
390,What is Love?,TWICE (트와이스),20180409
391,"결 (Feat. 다이나믹 듀오, BewhY)",Untell (언텔),20201212
392,아무때나 (Feat. 식케이 (Sik-K)),Way Ched (웨이체드),20190614
393,"Why do u say (Feat. MOON, ASH ISLAND)",Way Ched (웨이체드),20200405
394,EVERYDAY,WINNER,20180404
395,센치해,WINNER,20160201
396,REALLY REALLY,WINNER,20170404
397,보고싶었어,WSG워너비 (4FIRE),20220709
398,그때 그 순간 그대로 (그그그),WSG워너비 (가야G),20220709
399,Clink Clink (클링 클링),WSG워너비 (오아시소),20220709
400,Break Away,WSG워너비 조별경연 (할미봉),20220528
401,SMILEY (Feat. BIBI),YENA (최예나),20220117
402,Fatal Love,YUNHWAY,20151125
403,ONE MORE NIGHT,YUNHWAY,20200612
404,WHAT DO YOU KNOW ABOUT ME,YUNHWAY,20191021
405,Long Long Time!,YUNHWAY,20180730
406,Colors,"YUNHWAY, Jamie (제이미), 슬릭 (SLEEQ)",20200605
407,RUBBER DUCK,"YUNHWAY, Lil Cherry",20180820
408,Liquor (Feat. Jvcki Wai),ZENE THE ZILLA,20181212
409,꺼내 먹어요,Zion.T,20150519
410,No Make Up,Zion.T,20151012
411,영화관,Zion.T,20170201
412,노래,Zion.T,20170201
413,미안해 (feat. Beenzino),Zion.T,20170201
414,Complex (feat. G-DRAGON),Zion.T,20170201
415,쿵 (Knock),Zion.T,20160629
416,양화대교,Zion.T,20140922
417,Kiss Me,Zion.T,20141224
418,그냥 (Just),Zion.T,20150202
419,Apple (Feat. 박재범),가인,20150312
420,Paradise Lost,가인,20150312
421,돌이킬 수 없는,가인,20101008
422,피어나,가인,20121005
423,진실 혹은 대담,가인,20140206
424,노스텔지아 (Feat. 에릭),가인,20121130
425,Running,가호 (Gaho),20201030
426,사랑해서 그래,강민경 (다비치),20190227
427,SELFISH,강민경 (다비치),20190227
428,바람이나 좀 쐐 (Feat. MIWOO),개리,20150921
429,"화장 지웠어 (Feat. Zion.T, HA_TFELT) (No Make Up)",개코,20141016
430,바빠서 (Feat. 헤이즈 (Heize)),개코,20200225
431,Wake Up (Prod. 코드 쿤스트),"개코, Ourealgoat (아우릴고트), SINCE, 안병웅, Tabber, 조광일",20211106
432,마음이 그래,"개코, 권진아",20210204
433,새벽을 믿지 말자,"개코, 다비치",20220302
434,어른아이,거미,20050901
435,Trap,거미,20050901
436,기억상실,거미,20040909
437,날 그만 잊어요 (With Guitar),거미,20040909
438,친구라도 될 걸 그랬어,거미,20030201
439,Because Of You,거미,20100430
440,남자라서,거미,20100430
441,내 생각날 거야 (Narr. 이시영),거미,20140117
442,구르미 그린 달빛,거미,20160906
443,My Love,거미,20200523
444,사랑은 없다,거미,20100422
445,You Are My Everything,거미,20160310
446,Loveholic,거미,20160330
447,I Love You,거미,20180122
448,기억해줘요 내 모든 날과 그때를,거미,20190804
449,러브 레시피,"거미, 바비킴",20101123
450,질투나,"거미, 에일리",20180609
451,Darling,걸스데이,20140714
452,링마벨 (Ring My Bell),걸스데이,20150707
453,잘해줘봐야,걸스데이,20101029
454,반짝반짝,걸스데이,20110318
455,"너, 한눈 팔지마!",걸스데이,20110902
456,나를 잊지마요,걸스데이,20121026
457,Something,걸스데이,20140103
458,기대해,걸스데이,20130314
459,여자 대통령,걸스데이,20130624
460,밤하늘의 별을(2020),경서,20201114
461,"Gloomy Star (Feat. 1ho, Chan)",공기남,20180809
462,똑같았을거야 (Feat. Chan),공기남,20181023
463,"오늘,비 (feat. 1ho, Chan)",공기남,20190410
464,내가 더 많이 널 사랑해서,공기남,20181219
465,인셉션 (feat. 1ho & Chan),공기남,20181219
466,파란섬 (feat. 1ho & Chan),공기남,20190808
467,"계절 (feat. Chan, Sun)",공기남,20191112
468,심술 (Feat. 0back),공기남,20210310
469,Fly away,권진아,20170502
470,KNOCK (With 박문치),권진아,20210727
471,씨스루,권진아,20140302
472,Silly Silly Love,권진아,20220331
473,Pink!,권진아,20220331
474,흘러가자,권진아,20220331
475,24시간이 모자라,권진아,20140316
476,운이 좋았지,권진아,20190919
477,뭔가 잘못됐어,권진아,20200401
478,Lonely Night,권진아,20200313
479,별처럼,권진아,20200603
480,오늘 뭐 했는지 말해봐,권진아,20190228
481,우리의 방식,권진아,20210218
482,잘 가,권진아,20210218
483,꽃말,권진아,20210218
484,You already have,권진아,20210218
485,어른처럼 (With. 죠지),권진아,20210218
486,여행가,권진아,20210218
487,지그재그,권진아,20160919
488,끝,권진아,20160919
489,쪽쪽,권진아,20160919
490,야! (Feat. Babylon),권진아,20160919
491,스물,권진아,20160919
492,이별 뒷면,권진아,20180202
493,이번 겨울,권진아,20181217
494,Y (Prod. AVIN),"권진아, BIG Naughty (서동현)",20200118
495,여기까지,"권진아, 샘김 (SAM KIM)",20160718
496,삼다도 소식,규현,20160412
497,광화문에서 (At Gwanghwamun),규현,20141113
498,블라블라 (Prod.by 윤종신),규현,20161110
499,다시 만나는 날 (Goodbye for now),규현,20170524
500,밀리언조각 (A Million Pieces),규현,20151015
501,"어디쯤에 (Feat. 수란 (SURAN), pH-1)",GroovyRoom (그루비룸),20170724
502,follow the light (Feat. Hoody),GroovyRoom (그루비룸),20210101
503,Palette (Feat. pH-1),GroovyRoom (그루비룸),20200430
504,"My Paradise (Feat. 청하, VINXEN)",GroovyRoom (그루비룸),20180430
505,"행성 (This Night) (Feat. Blue.D, Jhnovr)",GroovyRoom (그루비룸),20190129
506,교통정리 (Feat. 헤이즈 (Heize)),기리보이,20190521
507,"아퍼 (Band Ver.) (Feat. 영비, YUNHWAY, Lil tachi, 한요한, JUSTHIS, 스윙스)",기리보이,20191129
508,연기 (With 헤이즈 (Heize)),기리보이,20201004
509,을 (Feat. BIG Naughty (서동현)),기리보이,20191109
510,와츠롱 (Feat. YUNHWAY),기리보이,20191202
511,"거지 (Feat. YUNHWAY, Jhnovr, JUSTHIS)",기리보이,20191202
512,호랑이소굴 (Feat. Jvcki Wai),기리보이,20191013
513,flex (Prod. by 기리보이),기리보이 & Kid Milli & NO:EL & 스윙스,20180731
514,Wash Away (Feat. 에일리),긱스 (Geeks),20130429
515,어땠을까,김나영,20151230
516,Advice (Feat. John Park),김동률,20141001
517,꾸러기 (Groggy),"김범수, 수란 (SURAN) (SURAN)",20180622
518,Fall Away,"김범수, 에일리",20180519
519,하루하루,김보경,20110124
520,Like a child,김보형,20170319
521,내가 미친년이야,김보형,20131018
522,티라미수 케익 (Feat. 최유리),김성철,20180711
523,해독제,김연우,20140514
524,따르릉,김영철,20170420
525,안되나용,김영철,20180217
526,컬러링,김예림 (투개월),20130617
527,All Right,김예림 (투개월),20130617
528,Going Home,김윤아,20100426
529,담,김윤아,20011120
530,목소리,김윤아,20170219
531,"사랑, 지나고 나면 아무 것도 아닐 마음의 사치",김윤아,20040305
532,야상곡,김윤아,20040305
533,봄이 오면 (Guitar ver.),김윤아,20040305
534,강,김윤아,20161208
535,살다가,김진호 (SG워너비),20131012
536,잘 된 일이야,나비,20110119
537,길에서,나비,20110119
538,한강앞에서,나비,20150106
539,다이어리,나비,20110701
540,마음이 다쳐서 (Feat. Crown J),나비,20090407
541,불치병 (Feat. 키비 Of 이루펀트),나비,20131002
542,집에 안갈래 (Feat. 긱스),나비,20130905
543,돌스 (Dolls),나인뮤지스,20130124
544,드라마 (DRAMA),나인뮤지스,20150123
545,와일드 (Wild),나인뮤지스,20130509
546,Wu,나플라 (nafla),20161218
547,N분의1 (Feat. 다이나믹듀오),"넉살, 한해, Rhino (라이노), 조우찬",20170805
548,기억을 걷는 시간,넬 (NELL),20080603
549,그리워 그리워,노을,20111026
550,목소리,노을,20150108
551,잊혀진다는 거,노을,20131127
552,WHERE YOU AT,뉴이스트 W,20171010
553,Dejavu,뉴이스트 W,20180625
554,2easy (Feat. 헤이즈 (Heize)),니브 (NIve),20201126
555,세상 모든게 다 너야,다비 (DAVII),20200305
556,"시행착오 (Feat. 베이빌론, 민아)",다비 (DAVII),20200305
557,날개 (Angel),다비 (DAVII),20200305
558,Jamie Cullum,다비 (DAVII),20201208
559,Navigation (Feat. 헤이즈 (Heize)),다비 (DAVII),20170103
560,테디베어(Teddy Bear) (Feat. 권진아),다비 (DAVII),20200128
561,사랑했었다고,다비 (DAVII),20190730
562,나만 이래 (Feat. 헤이즈 (Heize)),다비 (DAVII),20180523
563,우리 둘,다비치,20180125
564,너 없는 시간들,다비치,20180125
565,알아서 앓아요,다비치,20180125
566,그래도 우리,다비치,20180125
567,사랑하지 말아요,다비치,20180125
568,아픈 끝,다비치,20180125
569,내가 더 사랑하는 일,다비치,20180125
570,지난 날,다비치,20180125
571,팔베개,다비치,20140619
572,가을의 밤,다비치,20161013
573,받는 사랑이 주는 사랑에게,다비치,20161013
574,내 옆에 그대인 걸,다비치,20161013
575,PET,다비치,20161013
576,그런 적 있나요,다비치,20161013
577,헤어졌다 만났다,다비치,20140605
578,미워도 사랑하니까,다비치,20080128
579,외사랑,다비치,20080128
580,슬픈 사랑의 노래,다비치,20080128
581,별이 빛나는 밤,다비치,20080128
582,편지,다비치,20131112
583,두 여자의 방,다비치,20150121
584,또 운다 또,다비치,20150121
585,행복해서 미안해,다비치,20150121
586,너에게,다비치,20150121
587,봄,다비치,20150121
588,8282,다비치,20090227
589,사고쳤어요,다비치,20090227
590,My man,다비치,20090227
591,사랑이 우습니,다비치,20090227
592,오르골,다비치,20090227
593,화이트(WHITE) (Feat. 박재범),다비치,20151216
594,시간아 멈춰라,다비치,20100506
595,사랑을 못해 이별을 못해,다비치,20100506
596,안녕이라고 말하지마,다비치,20110829
597,사랑 사랑아,다비치,20110829
598,다신 찾지마,다비치,20110829
599,한 사람 얘기,다비치,20130318
600,둘이서 한잔해,다비치,20130318
601,거북이,다비치,20130318
602,사랑한다고 말했지,다비치,20130318
603,맛 있어서 눈물이나,다비치,20130318
604,우리의 시간은 다르다,다비치,20130318
605,잔소리,다비치,20130318
606,용기내 헤어질래,다비치,20130318
607,You Are My Everything,다비치,20130318
608,팡파레,다비치,20220516
609,사랑과 전쟁 (Narr. 하하),다비치,20080703
610,괜찮아 사랑이야,다비치,20140730
611,그냥 안아달란 말야,다비치,20210412
612,나에게 넌,다비치,20171011
613,나의 오랜 연인에게,다비치,20191203
614,너에게 못했던 내 마지막 말은,다비치,20190517
615,녹는 중 (Feat. 버벌진트),다비치,20130401
616,그대를 잊는다는 건,다비치,20160906
617,오늘도 그리워 그리워,다비치,20171019
618,Please Don't Cry,다비치,20200503
619,두사랑 (Feat. 매드클라운),다비치,20150318
620,그대니까요,다비치,20180331
621,마치 우린 없었던 사이 (Prod. 정키),다비치,20180712
622,노을,다비치,20191229
623,My Love,다비치,20201101
624,모르시나요,다비치,20130213
625,All of My Love,다비치,20210614
626,오늘따라 보고싶어서 그래,다비치,20130704
627,움직이지마,다비치,20140704
628,이 순간,다비치,20151104
629,이 사랑,다비치,20160303
630,More Than Words,다비치,20180326
631,기억소각 (Feat. 기리보이),다운,20200311
632,BAAAM (Feat. Muzie Of UV),다이나믹 듀오,20130701
633,싱숭생숭 (SsSs),"다이나믹 듀오, 박정현",20141205
634,기름과 물처럼 우린 섞일 수 없는 운명,"다이나믹 듀오, 화요비",20070129
635,내가 사랑했던,데이먼스 이어 (Damons Year),20191029
636,Busan,데이먼스 이어 (Damons Year),20171109
637,Cherry,데이먼스 이어 (Damons Year),20200626
638,josee!,데이먼스 이어 (Damons Year),20180817
639,yours,데이먼스 이어 (Damons Year),20190410
640,풍선 (Balloons),동방신기,20060929
641,Love In The Ice,동방신기,20080919
642,주문 (MIROTIC),동방신기,20080919
643,O -正.反.合.(정반합),동방신기,20060929
644,Rising Sun (순수),동방신기,20050912
645,GOOD NIGHT,드림캐쳐,20170405
646,얼음요새,디어클라우드,20071108
647,블루진,디어클라우드,20180601
648,새벽 한 시,디어클라우드,20200720
649,Rose,디오 (D.O.),20210726
650,괜찮아도 괜찮아 (That`s okay),디오 (D.O.),20190701
651,#드라이브 (Feat. 유연정 Of 우주소녀),딘딘,20170816
652,돼버릴거야 (feat.휘인 of 마마무) (Prod.기리보이),딘딘,20200523
653,주르륵 (feat. 휘인 of 마마무),딘딘,20190309
654,BAD GIRL (Prod. by Czaer),라치카 (LACHICA) & 청하,20211027
655,그대에게,러블리즈,20151207
656,"지금, 우리",러블리즈,20170502
657,그날의 너,러블리즈,20180423
658,Ah-Choo,러블리즈,20151001
659,No Love,럭키제이 (Lucky J),20160108
660,들리니,럭키제이 (Lucky J),20140717
661,불쌍해,럭키제이 (Lucky J),20140818
662,비와 당신,럼블 피쉬,20090226
663,Monster,레드벨벳-아이린&슬기,20200706
664,너라도 (Feat. 김보아 of SPICA),레디 (Reddy),20161120
665,I`m Fine Thank You,레이디스 코드,20130905
666,A,레인보우,20100812
667,Mach,레인보우,20101020
668,지나쳐 (Feat. DEAN),로꼬,20170525
669,오랜만이야 (Feat. Zion.T),로꼬,20190207
670,잠이 들어야 (Feat. 헤이즈 (Heize)),로꼬,20201014
671,GOOD (Feat. ELO),"로꼬, 그레이 (GRAY)",20160615
672,우연히 봄,"로꼬, 유주 (여자친구)",20150408
673,주지마,"로꼬, 화사 (마마무)",20180421
674,BEE,로시 (Rothy),20190527
675,어제보다 자랐어,로시 (Rothy),20190527
676,OCEAN VIEW (Feat.찬열),로시 (Rothy),20200813
677,버닝 (Burning),로시 (Rothy),20180830
678,It`s Christmas Day,로이킴,20141219
679,이기주의보,로이킴,20170516
680,예뻐서 그래,로이킴,20170516
681,문득,로이킴,20170516
682,그때 헤어지면 돼,로이킴,20180212
683,힐링이 필요해,로이킴,20121119
684,피노키오,로이킴,20141127
685,HEAVEN,"로이킴, 김이지 (꽃잠프로젝트)",20170114
686,On The Ground,로제 (ROSE),20210312
687,Gone,로제 (ROSE),20210312
688,Free Somebody,루나 (LUNA),20160531
689,그냥가요 (Feat. 휘인 Of 마마무),루이 (긱스),20151030
690,Save (Feat. 팔로알토)(Prod. 코드 쿤스트),루피 (Loopy),20181020
691,Capture (Feat. 그레이 (GRAY)),리듬파워,20180310
692,동성로 (Feat. Crush),리듬파워,20171122
693,LALISA,리사 (LISA),20210910
694,Money,리사 (LISA),20210910
695,실화,린,20091027
696,...사랑했잖아...,린,20040329
697,보고 싶어...운다,린,20140306
698,뒤에서 안아줘,린,20140306
699,곰인형 (Feat. 해금),린,20120316
700,유리 심장 (Feat. 용준형 Of 비스트),린,20130426
701,오늘 밤 (Feat. 배치기),린,20130426
702,이 노래 좋아요,린,20130829
703,Song For Love (Kor Ver.),린,20130829
704,그대만의 것 (Feat. Soulman),린,20160713
705,With You,린,20160324
706,Love Story,린,20161117
707,시간을 거슬러,린,20120322
708,꽃잎놀이,"린, 레오 (빅스)",20140805
709,WINNIN (Feat. Jvcki Wai) (Prod. Panda Gomm),릴러말즈 (Leellamarz),20190621
710,"방에 혼자 있을 때 (Feat. CHANGMO, ASH ISLAND)",릴러말즈 (Leellamarz),20181116
711,"내일이 오면 (Feat. 기리보이, BIG Naughty (서동현))",릴보이 (lIlBOI),20201205
712,"CREDIT (Feat. 염따, 기리보이, Zion.T)",릴보이 (lIlBOI),20201219
713,Bad News Cypher vol.2 (Feat. TakeOne),릴보이 (lIlBOI),20201212
714,FRIENDS (Prod. Slom),"릴보이 (lIlBOI), 원슈타인",20210227
715,LASER (Prod. PEEJAY),"릴보이 (lIlBOI), 원슈타인",20210227
716,Freak (Prod. Slom),"릴보이 (lIlBOI), 원슈타인, Chillin Homie, 스카이민혁 (Skyminhyuk)",20201121
717,Mr.애매모호,마마무,20140618
718,I Miss You,마마무,20160129
719,Decalcomanie (데칼코마니),마마무,20161107
720,Moderato (Feat. Hash Swan),마마무,20161107
721,NEW YORK,마마무,20160921
722,Piano Man,마마무,20141121
723,음오아예 (Um Oh Ah Yeh),마마무,20150619
724,나로 말할 것 같으면 (Yes I am),마마무,20170622
725,너나 해,마마무,20180716
726,하늘하늘 (청순),마마무,20180716
727,별 바람 꽃 태양,마마무,20180307
728,별이 빛나는 밤,마마무,20180307
729,덤덤해지네 (Solo 화사),마마무,20180307
730,기대해도 좋은 날,마마무,20160404
731,LOVE,마마무,20170115
732,매일 봐요,마마무,20180330
733,칠해줘,마마무,20180104
734,딩가딩가 (Dingga),마마무,20201020
735,Wind flower,마마무,20181129
736,No more drama,마마무,20181129
737,생각보단 괜찮아 (Better than I thought),마마무,20181129
738,열 밤 (Ten Nights),마마무,20191114
739,Where R U,마마무,20190314
740,고고베베 (gogobebe),마마무,20190314
741,우린 결국 다시 만날 운명이었지 (Destiny),마마무,20191025
742,행복하지마,"마마무, 범키",20140109
743,에너지 (Feat. 선예),마이티 마우스,20080616
744,톡톡 (Tok Tok) (Feat. SOYA),마이티 마우스,20110118
745,나쁜놈 (Feat. 소야),마이티 마우스,20120510
746,패밀리 (Feat. 손담비),마이티 마우스,20081117
747,Marry Me,"마크툽 (MAKTUB), 구윤회",20140804
748,화 (Feat. 진실 Of Mad Soul Child),매드클라운,20150109
749,거짓말 (Feat. 이해리 Of 다비치),매드클라운,20161125
750,우리집을 못 찾겠군요 (Feat. 볼빨간사춘기),매드클라운,20170203
751,견딜만해 (Feat. 효린 Of 씨스타),매드클라운,20140404
752,다시 너를,"매드클라운, 김나영",20160317
753,비행소년 (Going Home),"매드클라운, 샵건",20160625
754,발자국,먼데이 키즈,20080331
755,흩어져,먼데이 키즈,20100520
756,미행,먼데이 키즈,20111212
757,선물,멜로망스,20170710
758,동화,멜로망스,20180703
759,짙어져,멜로망스,20171015
760,You,멜로망스,20180122
761,BAAM,모모랜드 (MOMOLAND),20180626
762,뿜뿜,모모랜드 (MOMOLAND),20180103
763,어마어마해 (EDM Ver.),모모랜드 (MOMOLAND),20170616
764,신속히 (RUSH),몬스타엑스,20150907
765,아름다워 (Beautiful),몬스타엑스,20170321
766,무단침입 (Trespass),몬스타엑스,20150514
767,It's Up To You,MOON,20220403
768,Right Back (Feat. Tabber),MOON,20220530
769,눈동자,MOON,20211231
770,"Achoo (Feat. pH-1, HAON) (Prod. GroovyRoom)",미란이,20201205
771,VVS (Feat. JUSTHIS) (Prod. GroovyRoom),"미란이, 먼치맨, Khundi Panda, 머쉬베놈 (MUSHVENOM)",20201121
772,Good-bye Baby,미쓰에이,20110718
773,Bad Girl Good Girl,미쓰에이,20100701
774,다른 남자 말고 너,미쓰에이,20150330
775,Hush,미쓰에이,20131106
776,남자 없이 잘 살아,미쓰에이,20121015
777,Breathe,미쓰에이,20100927
778,Touch,미쓰에이,20120220
779,Drive,미연 ((여자)아이들),20220427
780,한량 (Feat. 비비 (BIBI)) (Prod. 딘딘),"민경훈, 김희철",20201220
781,후유증,"민경훈, 김희철",20180217
782,Is Who,민서,20180620
783,멋진 꿈,민서,20180306
784,사진을 보다가,바이브,20031128
785,그 남자 그 여자 (Feat. 장혜진),바이브,20060227
786,새로고침 (Feat. 강민경 of 다비치),박경 (블락비),20200318
787,보통연애 (Feat. 박보람),박경 (블락비),20150921
788,미안해요,박보람,20151008
789,애쓰지 마요,박보람,20180213
790,예뻐졌다 (Feat. 지코 Of Block B),박보람,20140807
791,혜화동 (혹은 쌍문동),박보람,20151128
792,Don`t Cry,박봄,20110421
793,4시 44분 (feat. 휘인 of 마마무),박봄,20190502
794,봄 (feat. 산다라박),박봄,20190313
795,YOU AND I,박봄,20091028
796,도레미파솔 (Feat. 창모),박봄,20210331
797,all of my life,박원,20170727
798,노력,박원,20161117
799,기다리지 말아요,"박원, 수지",20170228
800,All The Way Up (K),박재범,20200425
801,"All I Wanna Do (K) (Feat. Hoody, Loco)",박재범,20161020
802,SOLO (Feat. Hoody),박재범,20161020
803,DRIVE (Feat. 그레이 (GRAY)),박재범,20161020
804,GANADARA (Feat. 아이유),박재범,20220311
805,EL TORNADO,"박재범, 그레이 (GRAY)",20180426
806,몽중인,박정현,19990301
807,하비샴의 왈츠 (Miss Havishams Waltz),박정현,20050203
808,미안해,박정현,20120619
809,손해,박정현,20120619
810,꿈에,박정현,20020615
811,Mermaid (인어공주) (R&B Ver.),"박정현, 소향, 이영현",20110824
812,April Fools (0401),JAMIE (제이미),20180904
813,미스터리 (Feat. San E),박지윤,20131021
814,어머님이 누구니 (Feat. Jessi Of Lucky J),박진영,20150412
815,"FEVER (Feat. 수퍼비, 비비 (BIBI))",박진영,20191201
816,When We Disco (Duet with 선미),박진영,20200812
817,INTRO (Feat. 박재범),박현진,20210424
818,사랑한 후에,박효신,20120322
819,친구라는 건 (with 김범수),박효신,20040420
820,추억은 사랑을 닮아,박효신,20070129
821,좋은 사람,박효신,20090420
822,바보,박효신,20090420
823,눈의 꽃,박효신,20041112
824,야생화,박효신,20140328
825,Dynamite,방탄소년단 (BTS),20200824
826,Euphoria,방탄소년단 (BTS),20180824
827,DNA,방탄소년단 (BTS),20170918
828,고민보다 GO,방탄소년단 (BTS),20170918
829,FAKE LOVE,방탄소년단 (BTS),20180518
830,작은 것들을 위한 시 (Boy With Luv) feat. Halsey,방탄소년단 (BTS),20190412
831,피 땀 눈물,방탄소년단 (BTS),20161010
832,봄날,방탄소년단 (BTS),20170213
833,Not Today,방탄소년단 (BTS),20170213
834,I NEED U,방탄소년단 (BTS),20150429
835,쩔어,방탄소년단 (BTS),20150429
836,RUN,방탄소년단 (BTS),20151130
837,눈물샤워 (Feat. 에일리),배치기,20130114
838,닥쳐줘요 (Feat. 솔지 Of EXID),배치기,20150806
839,소년점프 (Feat. 화사 Of 마마무),배치기,20140829
840,느린노래,백아연,20120910
841,머물러요,백아연,20120910
842,이럴거면 그러지말지 (Feat. 영현),백아연,20150520
843,스며들기 좋은 오늘,백예린,20190509
844,Bye bye my blue,백예린,20160620
845,Zero,백예린,20160620
846,Popo (How deep is our love?),백예린,20191210
847,Square (2017),백예린,20191210
848,310,백예린,20191210
849,Blue,백예린,20151130
850,우주를 건너,백예린,20151130
851,As I am,백예린,20151130
852,혼자 두지 마,백예린,20151130
853,잠들고 싶어 (zZ),백예린,20151130
854,That`s Why,백예린,20151130
855,Love you on Christmas,백예린,20161207
856,November song,백예린,20161207
857,야간비행,백예린,20190318
858,그건 아마 우리의 잘못은 아닐 거야,백예린,20190318
859,Dear my blue,백예린,20190318
860,내가 날 모르는 것처럼 (Feat. 카더가든),백예린,20190318
861,지켜줄게,백예린,20190318
862,내가 날 모르는 것처럼 (2019 ver.),백예린,20190318
863,"다시 난, 여기",백예린,20200112
864,아주 오래된 기억,백예린,20170415
865,어느 새(디깅클럽서울 Ver.),백예린,20190619
866,Hate you,백예린,20201210
867,415,백예린,20201210
868,너머 (The Other Side),백예린,20220310
869,목소리 (Feat. 개리 Of 리쌍) ,백지영,20120517
870,총맞은것처럼,백지영,20081113
871,사랑안해,백지영,20060818
872,잊지말아요,백지영,20091117
873,UN Village,백현,20190710
874,여수 밤바다,버스커 버스커,20120329
875,정류장,버스커 버스커,20111017
876,나에게로 떠나는 여행,버즈,20050303
877,"너의 뒤에서 (Feat. 수란 (SURAN), 로꼬)",범키,20180201
878,Stand Up (Feat. 마마무),베이식,20150822
879,열애중,벤,20180508
880,안갯길 (Prod. By 진영(B1A4)),벤,20160913
881,오늘은 가지마,벤,20120918
882,"사라질것들 (Feat. 이소라, Beenzino)",병살 (정준하 & 김C),20131102
883,Better,보아 (BoA),20201201
884,Feedback (Feat. 넉살),보아 (BoA),20190604
885,Kiss My Lips,보아 (BoA),20150512
886,No Matter What,보아 (BoA),20160617
887,"ONE SHOT, TWO SHOT",보아 (BoA),20180220
888,Who Are You (Feat. 개코),보아 (BoA),20150506
889,Smash,보아 (BoA),20150512
890,Double Jack (Feat. 에디킴),보아 (BoA),20150512
891,Home,보아 (BoA),20150512
892,Green Light,보아 (BoA),20150512
893,LOOKIN` (Feat. The Quiett),보아 (BoA),20121016
894,My Name,보아 (BoA),20040611
895,No.1,보아 (BoA),20020401
896,Only One,보아 (BoA),20120722
897,그런 너 (Disturbance),보아 (BoA),20130128
898,Spark,보아 (BoA),20040611
899,아틀란티스 소녀 (Atlantis Princess),보아 (BoA),20030530
900,나무 (Tree),보아 (BoA),20030530
901,네모난 바퀴 (Hope),보아 (BoA),20120722
902,Milky Way,보아 (BoA),20030530
903,Game,보아 (BoA),20100924
904,#첫사랑,볼빨간사춘기,20180110
905,Dejavu,볼빨간사춘기,20180717
906,Love Letter,볼빨간사춘기,20201121
907,Love story,볼빨간사춘기,20220420
908,My Trouble,볼빨간사춘기,20181115
909,New York,볼빨간사춘기,20191127
910,나들이 갈까,볼빨간사춘기,20190402
911,나비와 고양이 (Feat. 백현),볼빨간사춘기,20200507
912,나비효과,볼빨간사춘기,20211026
913,남이 될 수 있을까,"볼빨간사춘기, 스무살",20170613
914,드림,볼빨간사춘기,20161227
915,바람사람,볼빨간사춘기,20180524
916,빈칸을 채워주시오,볼빨간사춘기,20200513
917,빨간 립스틱,볼빨간사춘기,20201104
918,썸 탈꺼야,볼빨간사춘기,20170928
919,아틀란티스 소녀 (Atlantis Princess),볼빨간사춘기,20200807
920,우주를 줄게,볼빨간사춘기,20160829
921,워커홀릭,볼빨간사춘기,20190910
922,좋다고 말해,볼빨간사춘기,20161221
923,처음부터 너와 나,볼빨간사춘기,20170517
924,6 o`clock,볼빨간사춘기,20180717
925,25,볼빨간사춘기,20190910
926,Blue,볼빨간사춘기,20170928
927,Dancing Cartoon,볼빨간사춘기,20201104
928,"나만, 봄",볼빨간사춘기,20190402
929,너는 내 세상이었어,볼빨간사춘기,20211026
930,싸운날,볼빨간사춘기,20160422
931,여행,볼빨간사춘기,20180524
932,품,볼빨간사춘기,20200513
933,XX,볼빨간사춘기,20190910
934,You(=I),볼빨간사춘기,20160829
935,고쳐주세요,볼빨간사춘기,20170928
936,별 보러 갈래?,볼빨간사춘기,20190402
937,아름다운 건,볼빨간사춘기,20220420
938,야경,볼빨간사춘기,20180524
939,In the mirror,볼빨간사춘기,20220420
940,Seattle Alone,볼빨간사춘기,20190402
941,Taste,볼빨간사춘기,20190910
942,상상,볼빨간사춘기,20170928
943,심술,볼빨간사춘기,20160422
944,"안녕, 곰인형",볼빨간사춘기,20180524
945,카운슬링,볼빨간사춘기,20200513
946,Clip,볼빨간사춘기,20180524
947,Mermaid,볼빨간사춘기,20190402
948,나만 안되는 연애,볼빨간사춘기,20160829
949,나의 사춘기에게,볼빨간사춘기,20170928
950,낮 (Day off),볼빨간사춘기,20190910
951,민들레,볼빨간사춘기,20200513
952,별,볼빨간사춘기,20220420
953,Lonely,볼빨간사춘기,20180524
954,XX (Acoustic Ver.),볼빨간사춘기,20190910
955,초콜릿,볼빨간사춘기,20160829
956,프리지아,볼빨간사춘기,20160829
957,X Song,볼빨간사춘기,20160829
958,사랑에 빠졌을 때,볼빨간사춘기,20160829
959,Seoul,볼빨간사춘기,20220420
960,2019년 겨울 첫눈으로 만든 그댈 2020년 눈으로 다시 만들 순 없겠지만,브라운아이드걸스,20200102
961,Kill Bill,브라운아이드걸스,20130729
962,한 여름 밤의 꿈,브라운아이드걸스,20120717
963,어쩌다,브라운아이드걸스,20080916
964,My Style (Hidden Track),브라운아이드걸스,20081030
965,내가 날 버린 이유,브라운아이드걸스,20191028
966,Sixth Sense,브라운아이드걸스,20110916
967,Glam Girl,브라운아이드걸스,20090721
968,Abracadabra,브라운아이드걸스,20090721
969,Candy Man,브라운아이드걸스,20090721
970,Sign,브라운아이드걸스,20091029
971,잠에 취해,브라운아이드걸스,20091029
972,다가와서,브라운아이드걸스,20060302
973,클렌징크림,브라운아이드걸스,20111104
974,롤린 (Rollin`),브레이브걸스,20170307
975,운전만해 (We Ride),브레이브걸스,20200814
976,치맛바람 (Chi Mat Ba Ram),브레이브걸스,20210617
977,Pool Party (Feat. 이찬 of DKB),브레이브걸스,20210617
978,Toy,블락비 (Block B),20160411
979,사랑이었다 (Song By 태일),블락비 (Block B),20160411
980,HER,블락비 (Block B),20140724
981,JACKPOT,블락비 (Block B),20140724
982,Very Good,블락비 (Block B),20131002
983,YESTERDAY,블락비 (Block B),20170206
984,Downtown Baby,블루 (BLOO),20171206
985,쉬가릿,비비 (BIBI),20200806
986,신경쓰여,비비 (BIBI),20200202
987,PADO,비비 (BIBI),20210910
988,모토스피드 24시,비비 (BIBI),20221024
989,WHY Y (Feat. Tiger JK),비비 (BIBI),20210727
990,우리가 헤어져야 했던 이유,비비 (BIBI),20211213
991,난,비비 (BIBI),20201208
992,비누,비비 (BIBI),20190515
993,사랑의 묘약,비비 (BIBI),20210201
994,나비,비비 (BIBI),20190612
995,Give More Care Less,비비 (BIBI),20190612
996,Pretty Ting (Feat. 김승민),비비 (BIBI),20190612
997,Fedexx Girl (Feat. 창모),비비 (BIBI),20190612
998,사장님 도박은 재미로 하셔야 합니다,비비 (BIBI),20200429
999,"아주, 천천히",비비 (BIBI),20220220
1000,안녕히,비비 (BIBI),20200710
1001,Umm… Life,비비 (BIBI),20210428
1002,BAD SAD AND MAD,비비 (BIBI),20210428
1003,피리 (PIRI the dog),비비 (BIBI),20210428
1004,Birthday Cake,비비 (BIBI),20210428
1005,인생은 나쁜X,비비 (BIBI),20210428
1006,자국,비비 (BIBI),20191128
1007,Bad Girl,하이라이트,20091014
1008,Fiction,하이라이트,20110517
1009,Shadow (그림자),하이라이트,20130719
1010,아름다운 밤이야,하이라이트,20120722
1011,Shock,하이라이트,20100302
1012,숨,하이라이트,20110810
1013,비가 오는 날엔,하이라이트,20110810
1014,배반,빅마마,20071002
1015,연,빅마마,20061013
1016,거부,빅마마,20030206
1017,Break Away,빅마마,20030206
1018,체념,빅마마,20030206
1019,하루만 더,빅마마,20210624
1020,CAFE,빅뱅,20110224
1021,"GOTT (Feat. MOON, 우원재 & Jvcki Wai)",사이먼 도미닉,20190903
1022,맘 편히 (Comfortable),"사이먼 도미닉, 그레이 (GRAY), 원",20160625
1023,NO눈치 (Feat. Crush),샘김 (SAM KIM),20160410
1024,MAMA DON`T WORRY,샘김 (SAM KIM),20160328
1025,Who Are You,샘김 (SAM KIM),20161225
1026,Sherlock.셜록 (Clue+Note),샤이니,20120319
1027,Ring Ding Dong,샤이니,20091014
1028,JoJo,샤이니,20091014
1029,Dream Girl,샤이니,20130219
1030,아름다워 (Beautiful),샤이니,20130219
1031,혜야 (Y Si Fuera Ella),샤이니,20081024
1032,Everybody,샤이니,20131014
1033,줄리엣 (Juliette),샤이니,20090518
1034,차라리 때려 (Hit Me),샤이니,20090518
1035,"잠꼬대 (Please, Don`t Go)",샤이니,20090518
1036,View,샤이니,20150518
1037,누난 너무 예뻐 (Replay),샤이니,20080522
1038,Real,샤이니,20080522
1039,미친놈 (Feat. 제시),샵건,20160709
1040,"사랑, 결코 시들지 않는...",서문탁,19991000
1041,사슬,서문탁,20000918
1042,All For You,"서인국, 정은지",20120828
1043,헤어지자,서인영,20130515
1044,잘가요 로맨스,서인영,20100601
1045,나를 사랑해줘 (Feat. 개코 Of 다이나믹 듀오),서인영,20131004
1046,Don`t Say No,서현 ,20170117
1047,Hello (Feat. 에릭남),서현 ,20170117
1048,보름달 (Feat. Lena),선미,20140217
1049,가시나,선미,20170822
1050,사이렌 (Siren),선미,20180904
1051,Black Pearl,선미,20190904
1052,꼬리 (TAIL),선미,20210223
1053,날라리 (LALALAY),선미,20190827
1054,누아르 (Noir),선미,20190304
1055,보라빛 밤 (pporappippam),선미,20200629
1056,열이올라요 (Heart Burn),선미,20220629
1057,주인공,선미,20180118
1058,고양이 (Feat. 아이유),선우정아,20171228
1059,봄처녀,선우정아,20150327
1060,잊지 말기로 해,"성시경, 권진아",20141203
1061,첫 겨울이니까,"성시경, 아이유",20191209
1062,Baby It`s Cold Outside,"성시경, 에일리",20141209
1063,아주 NICE,세븐틴,20160704
1064,예쁘다,세븐틴,20160425
1065,울고 싶지 않아,세븐틴,20170522
1066,Q&A,"세븐틴, 에일리",20151204
1067,터널,세정,20191202
1068,Whale,세정,20200817
1069,화분,세정,20200317
1070,SKYLINE,세정,20200317
1071,꽃길 (Prod. By 지코(ZICO)),세정,20161123
1072,Oh!,소녀시대,20100128
1073,Run Devil Run,소녀시대,20100322
1074,소원을 말해봐 (Genie),소녀시대,20090629
1075,Baby Baby,소녀시대,20080313
1076,All Night,소녀시대,20170804
1077,Lion Heart,소녀시대,20150818
1078,PARTY,소녀시대,20150707
1079,Mr.Mr.,소녀시대,20140224
1080,Goodbye,소녀시대,20140224
1081,Wait A Minute,소녀시대,20140224
1082,Gee,소녀시대,20090105
1083,다시 만난 세계 (Into The New World),소녀시대,20070802
1084,Beginning,소녀시대,20070802
1085,소녀시대 (Girls` Generation),소녀시대,20071101
1086,Twinkle,소녀시대-태티서,20120430
1087,Holler,소녀시대-태티서,20140916
1088,아드레날린 (Adrenaline),소녀시대-태티서,20140916
1089,Y-shirt (Deep Inside) (Feat. 희도),소야 (SOYA),20180731
1090,제주도의 푸른 밤,소유,20170907
1091,무덤덤 (Prod. by 아르마딜로),소유,20181004
1092,너와 함께 (Prod. by 다비 (DAVII)),소유,20181004
1093,잔다툼 (Prod. by 윤현상),소유,20181004
1094,비가 오면,"소유, 매드클라운",20181103
1095,까만밤 (Prod. by GroovyRoom & OREO),"소유, 식케이 (Sik-K)",20181004
1096,틈,"소유, 권순일 (어반 자카파), 박용인 (어반 자카파)",20140926
1097,어깨,"소유, 권정열",20150922
1098,착해 빠졌어 (Stupid In Love),"소유, 매드클라운",20130910
1099,비가와 (Rain),"소유, 백현",20170214
1100,썸 (Feat. 릴보이 Of 긱스),"소유, 정기고",20140207
1101,Finale,"소진 (걸스데이), Dok2",20141201
1102,가슴아 가슴아,손승연,20121023
1103,미친게 아니라구요 (Feat. MC 스나이퍼),손승연,20130710
1104,보란듯이 (Feat. 앤덥),손승연,20160705
1105,겁 (Feat. 태양),송민호,20150822
1106,니 소식,송하예,20190511
1107,Way Back Home,숀 (SHAUN),20180627
1108,1+1=0 (Feat. DEAN),수란 (SURAN),20170602
1109,쩔쩔매줘,수란 (SURAN),20170602
1110,오늘 취하면 (Feat. 창모),수란 (SURAN),20170427
1111,Yes No Maybe,수지,20170124
1112,다 그런거잖아 (Feat. Reddy),수지,20170124
1113,행복한 척,수지,20170117
1114,다른사람을 사랑하고 있어,수지,20180122
1115,HOLIDAY (Feat. DPR LIVE),수지,20180129
1116,잘자 내 몫까지,수지,20180129
1117,서툰 마음 (Prod. 정키),수지,20180129
1118,Dream,"수지, 백현",20160107
1119,"걷자, 집앞이야 (Feat. 주예인)",스무살,20140602
1120,작은 방 (Feat. 아이유),스윗소로우,20201029
1121,"Love or Like (With 휘인 of 마마무, JISIM)",스탠딩 에그,20171201
1122,햇살이 아파 (Feat. 마마무 `휘인` Solo),스탠딩 에그,20141230
1123,바보야 (With 이해리 of 다비치),스탠딩 에그,20171025
1124,Is It Love? (Feat. MOON) (Prod. GXXD),식케이 (Sik-K),20190627
1125,Fly Away,"신승훈, 에일리",20180512
1126,I Remember You (Feat. Zion.T),싸이 (PSY),20151201
1127,나팔바지,싸이 (PSY),20151201
1128,DADDY (Feat. CL of 2NE1),싸이 (PSY),20151201
1129,I LUV IT,싸이 (PSY),20170510
1130,New Face,싸이 (PSY),20170510
1131,마지막 장면 (Feat. 이성경),싸이 (PSY),20170510
1132,예술이야,싸이 (PSY),20101020
1133,그 여름을 틀어줘,"싹쓰리 (유두래곤, 린다G, 비룡)",20200725
1134,다시 여기 바닷가,"싹쓰리 (유두래곤, 린다G, 비룡)",20200718
1135,Midnight Circus,써니힐,20110603
1136,베짱이 찬가,써니힐,20120113
1137,기도,써니힐,20110805
1138,나혼자 (Alone),씨스타,20120412
1139,No Mercy,씨스타,20120412
1140,Lead Me,씨스타,20120412
1141,Give It To Me,씨스타,20130611
1142,넌 너무 야해 (Feat. 긱스),씨스타,20130611
1143,바빠 (Bad Boy),씨스타,20130611
1144,Summer Time,씨스타,20130611
1145,일주일 (A Week),씨스타,20130611
1146,Crying,씨스타,20130611
1147,Hot Place (Feat. Brave Sound),씨스타,20111031
1148,LONELY,씨스타,20170531
1149,Push Push (푸시 푸시),씨스타,20100603
1150,SHAKE IT,씨스타,20150622
1151,애처럼 굴지마 (Feat. 기리보이),씨스타,20150622
1152,나쁜놈 (Feat. 매드클라운),씨스타,20150622
1153,GO UP,씨스타,20150622
1154,So Cool (쏘쿨),씨스타,20110809
1155,I Swear,씨스타,20140826
1156,Hold On Tight,씨스타,20140826
1157,Loving U (러빙유),씨스타,20120628
1158,Holiday (홀리데이),씨스타,20120628
1159,가식걸,씨스타,20100825
1160,Over,씨스타,20101203
1161,I Like That,씨스타,20160621
1162,이불 덮고 들어,씨스타,20160621
1163,Ma Boy (마보이),씨스타19,20110503
1164,있다 없으니까,씨스타19,20130131
1165,쉬어 (Feat. MINO) (Prod. 그레이 (GRAY)),"아넌딜라이트 (Anandelight), unofficialboyy, BE'O (비오), 지구인, Mudd the student",20211106
1166,너무너무너무,아이오아이 (I.O.I),20161017
1167,소나기,아이오아이 (I.O.I),20170118
1168,Celebrity,아이유,20210127
1169,Twenty three (Bonus Track),아이유,20151023
1170,새 신발,아이유,20151023
1171,Zeze,아이유,20151023
1172,스물셋,아이유,20151023
1173,푸르던,아이유,20151023
1174,Red Queen (Feat. Zion.T),아이유,20151023
1175,무릎,아이유,20151023
1176,안경,아이유,20151023
1177,있잖아 (Rock Ver.),아이유,20090423
1178,Into the I-LAND,아이유,20200619
1179,빈 컵 (Empty Cup),아이유,20210325
1180,아이와 나의 바다,아이유,20210325
1181,어푸 (Ah puh),아이유,20210325
1182,에필로그,아이유,20210325
1183,비밀,아이유,20111129
1184,별을 찾는 아이 (Feat. 김광진),아이유,20111129
1185,너랑 나,아이유,20111129
1186,Love poem,아이유,20191101
1187,unlucky,아이유,20191118
1188,그 사람,아이유,20191118
1189,Blueming,아이유,20191118
1190,시간의 바깥,아이유,20191101
1191,자장가,아이유,20191118
1192,을의 연애 (With 박주원),아이유,20131008
1193,누구나 비밀은 있다 (Feat. 가인),아이유,20131008
1194,입술 사이 (50cm),아이유,20131008
1195,분홍신,아이유,20131008
1196,Modern Times,아이유,20131008
1197,싫은 날,아이유,20131008
1198,Obliviate,아이유,20131008
1199,아이야 나랑 걷자 (Feat. 최백호),아이유,20131008
1200,Havana,아이유,20131008
1201,우울시계 (Feat. 종현 Of SHINee),아이유,20131008
1202,한낮의 꿈 (Feat. 양희은),아이유,20131008
1203,(Bonus Track) Voice Mail (Korean Ver.),아이유,20131008
1204,금요일에 만나요 (Feat. 장이정 Of HISTORY),아이유,20131220
1205,크레파스 (드라마 `예쁜 남자` 삽입곡),아이유,20131220
1206,이 지금,아이유,20170421
1207,팔레트 (Feat. G-DRAGON),아이유,20170421
1208,이런 엔딩,아이유,20170421
1209,잼잼,아이유,20170421
1210,Black Out,아이유,20170421
1211,마침표,아이유,20170421
1212,그렇게 사랑은,아이유,20170421
1213,이름에게,아이유,20170421
1214,좋은 날,아이유,20101209
1215,첫 이별 그날 밤,아이유,20101209
1216,혼자 있는 방,아이유,20101209
1217,나만 몰랐던 이야기,아이유,20110217
1218,잔혹동화,아이유,20110217
1219,가을 아침,아이유,20170918
1220,나의 옛날이야기,아이유,20140516
1221,꽃,아이유,20140516
1222,삐에로는 우릴 보고 웃지,아이유,20140516
1223,사랑이 지나가면,아이유,20140516
1224,너의 의미 (Feat. 김창완),아이유,20140516
1225,여름밤의 꿈,아이유,20140516
1226,비밀의 화원,아이유,20170922
1227,잠 못드는 밤 비는 내리고,아이유,20170922
1228,어젯밤 이야기,아이유,20170922
1229,개여울,아이유,20170922
1230,매일 그대와,아이유,20170922
1231,마음,아이유,20150518
1232,밤편지,아이유,20170324
1233,마음을 드려요,아이유,20200215
1234,사랑이 잘 (With 오혁),아이유,20170407
1235,소격동,아이유,20141002
1236,복숭아,아이유,20120511
1237,하루 끝,아이유,20120511
1238,그 애 참 싫다,아이유,20120511
1239,에잇(Prod.&Feat. SUGA of BTS),아이유,20200506
1240,Rain Drop,아이유,20100603
1241,드라마,아이유,20211229
1242,정거장,아이유,20211229
1243,겨울잠,아이유,20211229
1244,너,아이유,20211229
1245,러브레터,아이유,20211229
1246,내 손을 잡아,아이유,20110525
1247,strawberry moon,아이유,20211019
1248,삐삐,아이유,20181010
1249,다리꼬지마,AKMU (악동뮤지션),20121125
1250,매력있어,AKMU (악동뮤지션),20121212
1251,Officially Missing You,AKMU (악동뮤지션),20130410
1252,외국인의 고백,AKMU (악동뮤지션),20130404
1253,사랑은 은하수 다방에서,AKMU (악동뮤지션),20130324
1254,Crescendo (크레셴도),AKMU (악동뮤지션),20130310
1255,라면인건가,AKMU (악동뮤지션),20130217
1256,DINOSAUR,AKMU (악동뮤지션),20170720
1257,MY DARLING,AKMU (악동뮤지션),20170720
1258,I Love You,AKMU (악동뮤지션),20130515
1259,Be With You,AKMU (악동뮤지션),20161011
1260,RE-BYE,AKMU (악동뮤지션),20160504
1261,사람들이 움직이는 게,AKMU (악동뮤지션),20160504
1262,새삼스럽게 왜,AKMU (악동뮤지션),20160504
1263,초록창가,AKMU (악동뮤지션),20160504
1264,사소한 것에서,AKMU (악동뮤지션),20160504
1265,주변인,AKMU (악동뮤지션),20160504
1266,생방송,AKMU (악동뮤지션),20170103
1267,리얼리티,AKMU (악동뮤지션),20170103
1268,오랜 날 오랜 밤,AKMU (악동뮤지션),20170103
1269,못생긴 척,AKMU (악동뮤지션),20170103
1270,CHOCOLADY,AKMU (악동뮤지션),20170103
1271,YOU KNOW ME,AKMU (악동뮤지션),20170103
1272,집에 돌아오는 길,AKMU (악동뮤지션),20170103
1273,그때 그 아이들은,AKMU (악동뮤지션),20170103
1274,시간과 낙엽,AKMU (악동뮤지션),20141010
1275,Give Love,AKMU (악동뮤지션),20140407
1276,200%,AKMU (악동뮤지션),20140407
1277,얼음들,AKMU (악동뮤지션),20140407
1278,지하철에서,AKMU (악동뮤지션),20140407
1279,가르마,AKMU (악동뮤지션),20140407
1280,인공잔디,AKMU (악동뮤지션),20140407
1281,안녕,AKMU (악동뮤지션),20140407
1282,작은별,AKMU (악동뮤지션),20140407
1283,길이나,AKMU (악동뮤지션),20140407
1284,소재,AKMU (악동뮤지션),20140407
1285,Galaxy,AKMU (악동뮤지션),20140407
1286,촌스럽게 굴지마 (Feat. 용준형),알리,20111213
1287,365일,알리,20111213
1288,펑펑,알리,20141112
1289,지우개,알리,20130130
1290,Bang!,애프터스쿨,20100325
1291,Diva,애프터스쿨,20090409
1292,AH,애프터스쿨,20090117
1293,Shampoo,애프터스쿨,20110428
1294,너 때문에,애프터스쿨,20091125
1295,사랑은 다 그런거래요,"양파, 다비치, HANNA",20120405
1296,"엄마가 딸에게 (Feat. Tymee, 김규리)",양희은,20150504
1297,나무,"양희은, AKMU (악동뮤지션)",20170315
1298,위로,어반자카파,20141104
1299,Get (Feat. Beenzino),어반자카파,20150522
1300,Moai,어반자카파,20170711
1301,"그때의 나, 그때의 우리",어반자카파,20171108
1302,소원,어반자카파,20170108
1303,목요일 밤 (Feat. 빈지노),어반자카파,20160825
1304,서울 밤 (feat. 빈지노),어반자카파,20190613
1305,널 사랑하지 않아,어반자카파,20160527
1306,혼자,어반자카파,20170519
1307,"묘해, 너와",어쿠스틱 콜라보,20140902
1308,이쁘다니까,에디킴,20161224
1309,너 사용법,에디킴,20140411
1310,천국의 문 (Heaven`s Door),에릭남,20130123
1311,DREAM (Feat. 박지민 Of 15&),에릭남,20150529
1312,Interview,에릭남,20160324
1313,Good For You,에릭남,20160324
1314,Stop The Rain,에릭남,20160324
1315,No Comment,에릭남,20160324
1316,Good For You (International Ver.),에릭남,20160324
1317,녹여줘,에릭남,20141210
1318,못참겠어 (Feat. 로꼬),에릭남,20160715
1319,우우 (Ooh Ooh) (Feat. 호야 Of 인피니트),에릭남,20140408
1320,소나기,에릭남,20160812
1321,Congratulations (Feat. Marc E. Bassy),에릭남,20191114
1322,솔직히 (Honestly…),에릭남,20180411
1323,Potion (Feat. Woodie Gochild),에릭남,20180411
1324,Miss You,에릭남,20181108
1325,Runaway,에릭남,20190508
1326,Paradise,에릭남,20200730
1327,그 밤,에릭남,20181220
1328,놓지마 (Hold me),에릭남,20171227
1329,Perhaps Love (사랑인가요) (Prod.By 박근태),"에릭남, CHEEZE",20170929
1330,BODY,"에릭남, Timbaland",20161203
1331,봄인가 봐 (Spring Love),"에릭남, 웬디",20160304
1332,Feelin` (Feat. 에릭남),에일리,20161005
1333,U & I,에일리,20130712
1334,Rainy Day,에일리,20130712
1335,Headlock,에일리,20190702
1336,Higher (Feat. 이루마),에일리,20130916
1337,If You,에일리,20160823
1338,보여줄게,에일리,20121016
1339,저녁 하늘,에일리,20121016
1340,Shut Up (Feat. Simon D),에일리,20121016
1341,Heaven,에일리,20121016
1342,손대지마,에일리,20140925
1343,너나 잘해,에일리,20150930
1344,Insane,에일리,20150930
1345,Symphony (Feat. 챈슬러),에일리,20150930
1346,노래가 늘었어,에일리,20140106
1347,첫눈처럼 너에게 가겠다,에일리,20170107
1348,파란 봄,에일리,20180624
1349,눈물이 맘을 훔쳐서,에일리,20131030
1350,하루하루,에일리,20140513
1351,홀로 크리스마스,"에일리, 휘인",20211211
1352,가르치지마,에일리,20211027
1353,I`m In Love,에일리,20140711
1354,Don't Cry For Me,"에일리, 슬릭",20200612
1355,헤픈엔딩 (Feat. 조원선 Of 롤러코스터),에픽 하이,20141021
1356,또 싸워 (Feat. 윤하),에픽 하이,20141021
1357,AMOR FATI (Feat. 김종완 Of 넬),에픽 하이,20141021
1358,"BORN HATER (Feat. 빈지노, 버벌진트, B.I, MINO, BOBBY)",에픽 하이,20141021
1359,LESSON 5 (타임라인),에픽 하이,20141021
1360,LIFE IS GOOD (Feat. 박재범),에픽 하이,20141021
1361,EYES NOSE LIPS (Feat. 태양),에픽 하이,20141021
1362,"Rosario (Feat. CL, 지코)",에픽 하이,20210118
1363,내 얘기 같아 (Feat. 헤이즈 (Heize)),에픽 하이,20210118
1364,연애소설 (Feat. 아이유),에픽 하이,20171023
1365,빈차 (Feat. 오혁),에픽 하이,20171023
1366,상실의 순기능 (Feat. 수현),에픽 하이,20171023
1367,옥탑방,엔플라잉 (N.Flying),20190102
1368,유리구슬 (Glass Bead),여자친구,20150115
1369,오늘부터 우리는 (Me Gustas Tu),여자친구,20150723
1370,시간을 달려서 (Rough),여자친구,20160125
1371,너 그리고 나 (NAVILLERA),여자친구,20160711
1372,귀를 기울이면 (LOVE WHISPER),여자친구,20170801
1373,마법소녀,오렌지 캬라멜,20100617
1374,까탈레나 (Catallena),오렌지 캬라멜,20140312
1375,방콕시티 (Bangkok City),오렌지 캬라멜,20110331
1376,샹하이 로맨스,오렌지 캬라멜,20111013
1377,아잉♡,오렌지 캬라멜,20101118
1378,CLOSER,오마이걸,20151008
1379,Dolphin,오마이걸,20200427
1380,불꽃놀이 (Remember Me),오마이걸,20180910
1381,다섯 번째 계절 (SSFWL),오마이걸,20190508
1382,Destiny (나의 지구),오마이걸,20190920
1383,BUNGEE (Fall in Love),오마이걸,20190805
1384,Heart Sign (Prod. Flow Blow),옹성우,20190611
1385,대충 입고 나와,우디 (Woody),20190529
1386,이 노래가 클럽에서 나온다면,우디 (Woody),20190123
1387,이루리,우주소녀,20191119
1388,너에게 닿기를 (I Wish),우주소녀,20170104
1389,Boogie Up,우주소녀,20190604
1390,비밀이야 (Secret),우주소녀,20160817
1391,UNNATURAL,우주소녀,20210331
1392,2 Different Tears,원더걸스,20100516
1393,I Feel You,원더걸스,20150803
1394,So Hot,원더걸스,20080603
1395,Tell me (Rap Ver.),원더걸스,20080603
1396,Irony (아이러니),원더걸스,20070213
1397,Why So Lonely,원더걸스,20160705
1398,Girlfriend,원더걸스,20120603
1399,Be My Baby,원더걸스,20111107
1400,밤이 되니까,원슈타인,20210707
1401,적외선 카메라,원슈타인,20201205
1402,"세상에 나쁜 개는 없다 (Feat. YDG, Zion.T) (Prod. Slom)",원슈타인,20201212
1403,모르겠다고 (Q) (Feat. 화사),원위 (ONEWE),20200402
1404,Be OK (Feat. 배치기),유성은,20130715
1405,내가 니편이 되어줄게,"유승우, 연정",20161111
1406,숲의 아이 (Bon voyage),유아,20200907
1407,보일 듯 말 듯,"유주, 선율",20160311
1408,시간이 흐른 뒤 (As Time Goes By),윤미래,20010910
1409,하루하루,윤미래,20010910
1410,"1, 2, 3 (원투쓰리)",윤하,20090413
1411,우리가 헤어진 진짜 이유,윤하,20130502
1412,봄은 있었다,윤하,20130502
1413,One Fine Day,윤하,20130502
1414,Subsonic,윤하,20131206
1415,없어 (Feat. 이루펀트),윤하,20131206
1416,People,윤하,20120703
1417,널 생각해 (Prod. by 이찬혁 of AKMU (악동뮤지션)),윤하,20151111
1418,아니야,윤하,20130322
1419,없어 (Studio Live Ver.),윤하,20140103
1420,괜찮다 (Studio Live Ver.),윤하,20140103
1421,Parade,윤하,20171227
1422,답을 찾지 못한 날,윤하,20171227
1423,느린 우체통,윤하,20181214
1424,종이비행기 (Hello) (Feat. pH-1),윤하,20171211
1425,언제쯤이면 (Duet.아이유),윤현상,20141031
1426,사랑이 힘들어 멈추는 곳에,윤현상,20141031
1427,시월에 : 스물 일곱 번째 밤,윤현상,20141031
1428,오늘밤,윤현상,20141031
1429,눈이 오잖아 (Feat. 헤이즈 (Heize)),이무진,20211203
1430,신호등,이무진,20210514
1431,희미해서 (Feat. 헤이즈 (Heize)),이문세,20181022
1432,야몽음인,이바다,20180822
1433,오묘한 맛 (Taste),이바다,20180822
1434,수채화,이바다,20181113
1435,Empty Room,이바다,20200310
1436,Love Drug,이바다,20210226
1437,Drug,이바다,20161123
1438,"1,2,3,4,5",이바다,20190329
1439,그녀의 밤,이바다,20170324
1440,배경음악,이바다,20220307
1441,ㅎㅇ (Feat. PENOMECO),이바다,20190930
1442,행복을 주는 사람,이소라,20110612
1443,난 별,이소라,20140411
1444,운 듯,이소라,20140411
1445,나를 사랑하지 않는 그대에게,이소라,20021011
1446,그대가 이렇게 내 맘에,이소라,20181206
1447,라라라,이수영,20020911
1448,휠릴리,이수영,20040909
1449,Grace (Feat. 이기찬),이수영,20060504
1450,어떻게 사랑이 그래요,이승환,20061111
1451,나는 이영지,이영지,20200605
1452,암실,이영지,20191102
1453,사랑아 (With 서지우),이영현,20120909
1454,잠시만 안녕,이영현,20120930
1455,시간아 천천히,이진아,20141123
1456,"1,2,3,4 (원,투,쓰리,포)",이하이,20121029
1457,구원자 (Feat. B.I),이하이,20210909
1458,빨간 립스틱 (Feat. 윤미래),이하이,20210909
1459,누구 없소 (NO ONE) (Feat. B.I),이하이,20190530
1460,Rose,이하이,20130328
1461,For You (Feat. Crush),이하이,20201216
1462,홀로 크리스마스,이하이,20200723
1463,그대라는 계절,이해리 (다비치),20170419
1464,미운 날,이해리 (다비치),20170419
1465,너의 뒤에서,이해리 (다비치),20120519
1466,Black,이효리,20170704
1467,Chitty Chitty Bang Bang (Feat. Ceejay Of Freshboyz),이효리,20100412
1468,U-Go-Girl (With 낯선),이효리,20080714
1469,미스코리아,이효리,20130521
1470,Bad Girls,이효리,20130521
1471,톡!톡!톡! (Toc Toc Toc),이효리,20070227
1472,내꺼하자,인피니트,20110926
1473,파라다이스 (Paradise),인피니트,20110926
1474,추격자,인피니트,20120515
1475,Man In Love (남자가 사랑할때),인피니트,20130321
1476,오늘은 가지마 (Duet Ver.),"임세준, 벤",20160310
1477,진짜일 리 없어,임정희,20100930
1478,소주 한 잔,임창정,20030605
1479,샤이닝,자우림,20061020
1480,"스물다섯, 스물하나",자우림,20131014
1481,팬이야,자우림,20020906
1482,미안해 널 미워해,자우림,19981100
1483,IDOL,자우림,20110818
1484,피터의 노래,자우림,20110818
1485,뜨거운 여름밤은 가고 남은 건 볼품없지만,잔나비,20160804
1486,사랑하긴 했었나요 스쳐가는 인연이었나요 짧지않은 우리 함께했던 시간들이 자꾸 내 마음을 가둬두네,잔나비,20140828
1487,타투 (Tattoo),적재,20190814
1488,잘 지내,적재,20191122
1489,Lullaby,적재,20191122
1490,BIRTHDAY,전소미,20190613
1491,Is this bad b****** number? (Feat. 비비 (BIBI) & 이영지),전소연,20210705
1492,눈사람,정승환,20180219
1493,너였다면,정승환,20160531
1494,십이월 이십오일의 고백,정승환,20191205
1495,하늘바라기 (Feat. 하림),정은지 (에이핑크),20160418
1496,우리 사랑 이대로,"정은지, 서인국",20120904
1497,장마,정인,20110405
1498,미워요,정인,20100311
1499,안아줘,정준일,20111123
1500,소음 (Noise),정진우,20180207
1501,One-Way,정진우,20181115
1502,Only You (Feat. 유성은),정키,20171205
1503,부담이 돼 (Feat. 휘인 Of 마마무),정키,20170308
1504,SOLO,제니 (JENNIE),20181112
1505,Cold Blooded,제시,20211012
1506,Digital Lover (제시 ver.),제시,20200319
1507,Down,제시,20180706
1508,눈누난나 (NUNU NANA),제시,20200730
1509,Gucci,제시,20170713
1510,ZOOM,제시,20220413
1511,나이고 싶어,제시,20150425
1512,어떤X (What Type of X),제시,20210317
1513,하모니,"제아 (브라운 아이드 걸스), 이영현",20091222
1514,GLASSY,조유리,20211007
1515,STAY,조유진,20161211
1516,나에게로의 초대,"조유진, 박기영",20161211
1517,빛이 나 (Shinin`),종현,20180123
1518,데자-부 (Deja-Boo) (Feat. Zion.T),종현,20150107
1519,Love Belt (Feat. 윤하),종현,20150112
1520,산하엽 (Diphylleia grayi),종현,20150917
1521,Lonely (Feat. 태연),종현,20170424
1522,"오늘밤은,",준 (JUNE),20190603
1523,One Of A Kind,지드래곤 (G-Dragon),20120915
1524,크레용 (Crayon),지드래곤 (G-Dragon),20120915
1525,Missing You (Feat. 김윤아 Of 자우림),지드래곤 (G-Dragon),20120915
1526,Black (Feat. 제니 (JENNIE)),지드래곤 (G-Dragon),20130905
1527,미치GO (GO),지드래곤 (G-Dragon),20130905
1528,삐딱하게 (Crooked),지드래곤 (G-Dragon),20130905
1529,너는 나 나는 너,지코 (ZICO),20160125
1530,사랑이었다 (Feat. 루나 of f(x)),지코 (ZICO),20160125
1531,유레카 (Feat. Zion.T),지코 (ZICO),20151207
1532,Summer Hate (Feat. 비),지코 (ZICO),20200701
1533,웬수 (Feat. 비비 (BIBI)),지코 (ZICO),20200701
1534,She`s a Baby,지코 (ZICO),20170413
1535,SoulMate (Feat. 아이유),지코 (ZICO),20180730
1536,ANTI (Feat. G.Soul),지코 (ZICO),20170712
1537,FANXY CHILD (Feat. FANXY CHILD),지코 (ZICO),20170712
1538,"천둥벌거숭이 (Feat. Jvcki Wai, 염따)",지코 (ZICO),20190930
1539,"말해 Yes Or No (Feat. PENOMECO, The Quiett)",지코 (ZICO),20151019
1540,아무노래,지코 (ZICO),20200113
1541,METEOR,창모 (CHANGMO),20191129
1542,마에스트로 (Maestro),창모 (CHANGMO),20160721
1543,아름다워,창모 (CHANGMO),20160721
1544,Love U,청하,20180718
1545,Snapping,청하,20190624
1546,Roller Coaster,청하,20180117
1547,벌써 12시,청하,20190102
1548,그 끝에 그대,청하,20190803
1549,낭만고양이,체리필터,20020813
1550,피아니시모 (Pianissimo),체리필터,20090827
1551,오리 날다,체리필터,20030904
1552,꿈꾸는 Sailor,체리필터,20030904
1553,그런가봐요 (Piano By 유희열),초아,20151104
1554,어른,최예근 밴드,20170102
1555,Honey,카라,20090212
1556,STEP,카라,20110906
1557,Pandora,카라,20120822
1558,Pretty Girl,카라,20081204
1559,루팡 (Lupin),카라,20100217
1560,점핑 (Jumping),카라,20101110
1561,맘마미아,카라,20140818
1562,Rock U,카라,20080725
1563,우우우 (Feat. 이루펀트),케이시,20151130
1564,쓰담쓰담,케이시,20160318
1565,가을밤 떠난 너,케이시,20190905
1566,그때가 좋았어,케이시,20181231
1567,꽃이 핀다,케이윌,20150325
1568,이러지마 제발 (Please Don`t...),케이윌,20121011
1569,Love Blossom (러브블러썸),케이윌,20130404
1570,미필적 고의 (Feat. 소유),케이윌,20170926
1571,촌스럽게 왜 이래 (You Don`t Know Love),케이윌,20131018
1572,그립고 그립고 그립다,케이윌,20091105
1573,니가 하면 로맨스 (Feat. 다비치),케이윌,20160106
1574,말해! 뭐해?,케이윌,20160318
1575,내 생에 아름다운,케이윌,20181023
1576,썸남썸녀 (Feat. 휘성),"케이윌, 마마무",20140211
1577,사르르 (Softly),"케이윌, 씨스타, 보이프렌드, 매드클라운, 정기고, 주영, 몬스타엑스, 유승우, 브라더수, 엑시",20151202
1578,LOVE IS YOU,"케이윌, 씨스타, 정기고, 매드클라운, 보이프렌드, 주영",20141204
1579,KnoCK (Feat. 백예린),코드 쿤스트 (CODE KUNST),20200319
1580,O (Feat. 이하이),코드 쿤스트 (CODE KUNST),20200402
1581,"Set me Free (Feat. Loopy, Jvcki Wai)",코드 쿤스트 (CODE KUNST),20200402
1582,XI (Feat. 이하이),코드 쿤스트 (CODE KUNST),20190108
1583,CAVIAR,코카N버터 (CocaNButter) & CL,20211027
1584,North Face (Feat. Jvcki Wai),쿠기 (Coogie),20200301
1585,Right away (Feat. pH-1),쿠기 (Coogie),20191205
1586,Romeo N Juliet,클래지콰이,20070607
1587,나만 바라봐,태양,20080522
1588,"눈, 코, 입",태양,20140603
1589,I Need A Girl (Feat. G-dragon),태양,20100701
1590,제주도의 푸른 밤,태연,20160412
1591,11:11,태연,20161101
1592,Happy,태연,20200504
1593,I (Feat. 버벌진트),태연,20151007
1594,U R,태연,20151007
1595,쌍둥이자리 (Gemini),태연,20151007
1596,스트레스 (Stress),태연,20151007
1597,먼저 말해줘 (Farewell),태연,20151007
1598,INVU,태연,20220214
1599,그런 밤 (Some Nights),태연,20220214
1600,Fine,태연,20170228
1601,Cover Up,태연,20170228
1602,날개 (Feel So Fine),태연,20170228
1603,I Got Love,태연,20170228
1604,I`m OK,태연,20170228
1605,Time Lapse,태연,20170228
1606,Sweet Love,태연,20170228
1607,When I Was Young,태연,20170228
1608,Lonely Night,태연,20170228
1609,수채화 (Love in Color),태연,20170228
1610,Fire,태연,20170228
1611,Eraser,태연,20170228
1612,Make Me Love You,태연,20170405
1613,I Blame On You,태연,20170405
1614,Curtain Call,태연,20170405
1615,Here I Am,태연,20191028
1616,불티 (Spark),태연,20191028
1617,Find Me,태연,20191028
1618,Love You Like Crazy,태연,20191028
1619,하하하 (LOL),태연,20191028
1620,Better Babe,태연,20191028
1621,Wine,태연,20191028
1622,Do You Love Me?,태연,20191028
1623,City Love,태연,20191028
1624,Gravity,태연,20191028
1625,너를 그리는 시간 (Drawing Our Moments),태연,20200115
1626,Something New,태연,20180618
1627,저녁의 이유 (All Night Long) (Feat. LUCAS of NCT),태연,20180618
1628,바람 바람 바람 (Baram X 3),태연,20180618
1629,Circus,태연,20180618
1630,This Christmas,태연,20171212
1631,Let It Snow,태연,20171212
1632,Candy Cane,태연,20171212
1633,Christmas without You,태연,20171212
1634,쉿 (Shhhh),태연,20171212
1635,겨울나무 (I`m all ears),태연,20171212
1636,Weekend,태연,20210706
1637,What Do I Call You,태연,20201215
1638,Why,태연,20160628
1639,Starlight (Feat. DEAN),태연,20160625
1640,Fashion,태연,20160628
1641,Hands on Me,태연,20160628
1642,Up & Down (Feat. 효연),태연,20160628
1643,Good Thing,태연,20160628
1644,Night,태연,20160628
1645,숨겨진 세상 (Into the Unknown End Credit Version),태연,20191115
1646,All With You,태연,20160913
1647,사계 (Four Seasons),태연,20190324
1648,Rain,태연,20160203
1649,비밀 (Secret),태연,20160203
1650,그대라는 시,태연,20190721
1651,"Goodbye sun, Goodbye moon (With 이수현 of AKMU (악동뮤지션))",토이,20141118
1652,그녀가 말했다 (With 권진아),토이,20141118
1653,언제나 타인 (With 선우정아),토이,20141118
1654,내일은 없어,트러블메이커,20131028
1655,Trouble Maker,트러블메이커,20111201
1656,넘버나인 (No.9),티아라,20131010
1657,Cry Cry,티아라,20111111
1658,Lovey-Dovey,티아라,20120103
1659,SEXY LOVE,티아라,20120904
1660,완전 미쳤네 (Korean Ver.),티아라,20150804
1661,Roly-Poly,티아라,20110629
1662,TTL (Time To Love),"티아라, 초신성",20090915
1663,"모든 날, 모든 순간 (Every day, Every Moment)",폴킴,20180320
1664,너도 아는,폴킴,20201027
1665,너를 만나,폴킴,20181029
1666,Dream,폴킴,20200510
1667,마음,폴킴,20191129
1668,비밀 (Secret),폴킴,20160621
1669,어제처럼,폴킴,20220227
1670,허전해,폴킴,20191007
1671,안녕,폴킴,20190812
1672,Loveship,"폴킴, 청하",20200121
1673,눈치,"폴킴, 헤이즈 (Heize), 픽보이 (Peakboy)",20191019
1674,WE GO,프로미스나인,20210517
1675,너를 너를 너를,플라이 투 더 스카이,20140520
1676,알고 있어,헤이즈 (Heize),20140321
1677,조금만 더 방황하고 (Feat. Crucial Star),헤이즈 (Heize),20140321
1678,품 스윗 품 (Feat. Monokim),헤이즈 (Heize),20150605
1679,돌아오지마 (Feat. 용준형),헤이즈 (Heize),20160414
1680,널 너무 모르고,헤이즈 (Heize),20170626
1681,먹구름 (Feat. 나플라 (nafla)),헤이즈 (Heize),20170626
1682,비도 오고 그래서 (Feat. 신용재),헤이즈 (Heize),20170626
1683,저 별 (rain ver.),헤이즈 (Heize),20170626
1684,"And July (Feat. DEAN, DJ Friz)",헤이즈 (Heize),20160718
1685,Shut Up & Groove (Feat. DEAN),헤이즈 (Heize),20160602
1686,Underwater,헤이즈 (Heize),20160718
1687,No Way,헤이즈 (Heize),20160718
1688,돌아오지마 (Acoustic Ver.),헤이즈 (Heize),20160718
1689,헤픈 우연,헤이즈 (Heize),20210520
1690,처음처럼 (Feat. 개리),헤이즈 (Heize),20210520
1691,감기 (Feat. 창모),헤이즈 (Heize),20210520
1692,Why,헤이즈 (Heize),20210520
1693,미안해 널 사랑해 (Feat. 김필),헤이즈 (Heize),20210520
1694,빗물에게 들으니 (Feat. 안예은),헤이즈 (Heize),20210520
1695,어쨌든 반가워,헤이즈 (Heize),20210520
1696,작사가,헤이즈 (Heize),20200610
1697,일이 너무 잘 돼,헤이즈 (Heize),20200610
1698,너의 이름은 (Feat. ASH ISLAND),헤이즈 (Heize),20200610
1699,SHE`S FINE,헤이즈 (Heize),20190319
1700,그러니까 (Feat. Colde),헤이즈 (Heize),20190319
1701,이유,헤이즈 (Heize),20190319
1702,Dispatch (Feat. 사이먼 도미닉),헤이즈 (Heize),20190319
1703,숨고 싶어요 (With. 선우정아),헤이즈 (Heize),20190319
1704,Buddy (Feat. DAVII),헤이즈 (Heize),20190319
1705,문득 그런 생각이 들어 (Feat. 나플라 (nafla)),헤이즈 (Heize),20190319
1706,너의 나무 (Feat. 주영),헤이즈 (Heize),20190319
1707,knock sir,헤이즈 (Heize),20190319
1708,E.T,헤이즈 (Heize),20190319
1709,없었던 일로,헤이즈 (Heize),20220630
1710,어쩌면 우리 (Feat. 죠지),헤이즈 (Heize),20220630
1711,Don′t Lie (Feat. 기리보이),헤이즈 (Heize),20220630
1712,도둑놈 (Feat. 민니 of (여자)아이들),헤이즈 (Heize),20220630
1713,거리마다 (Feat. I.M of 몬스타엑스),헤이즈 (Heize),20220630
1714,Love is 홀로,헤이즈 (Heize),20220630
1715,널 만나고,헤이즈 (Heize),20220630
1716,슈퍼카,헤이즈 (Heize),20220630
1717,여행자,헤이즈 (Heize),20220630
1718,도깨비불 (Illusion),aespa,20220708
1719,We don`t talk together (Feat. 기리보이) (Prod. SUGA),헤이즈 (Heize),20190707
1720,다 그렇지 뭐,헤이즈 (Heize),20200121
1721,너와 함께한 시간 속에서,헤이즈 (Heize),20170825
1722,Round and round (Feat. 한수지),헤이즈 (Heize),20170121
1723,떨어지는 낙엽까지도,헤이즈 (Heize),20191013
1724,만추 (Feat. Crush),헤이즈 (Heize),20191013
1725,일기,헤이즈 (Heize),20191013
1726,DAUM (Feat. Colde),헤이즈 (Heize),20191013
1727,얼고 있어,헤이즈 (Heize),20191013
1728,jenga (Feat. 개코),헤이즈 (Heize),20180308
1729,괜찮냐고,헤이즈 (Heize),20180308
1730,내가 더 나빠,헤이즈 (Heize),20180308
1731,잘 살길 바래 (with DAVII),헤이즈 (Heize),20180308
1732,바람,헤이즈 (Heize),20180308
1733,MIANHAE,헤이즈 (Heize),20180308
1734,비가 오는 날엔 (2021),헤이즈 (Heize),20210804
1735,You're Cold (더 많이 사랑한 쪽이 아프대),헤이즈 (Heize),20200621
1736,좋았을걸,헤이즈 (Heize),20171214
1737,엄마가 필요해,헤이즈 (Heize),20220329
1738,오롯이,헤이즈 (Heize),20190214
1739,마지막 너의 인사,헤이즈 (Heize),20220416
1740,저 별,헤이즈 (Heize),20161205
1741,첫눈에,헤이즈 (Heize),20181214
1742,너의 마음을 내게 준다면(Feat. Colde),헤이즈 (Heize),20191130
1743,내 맘을 볼수 있나요,헤이즈 (Heize),20190728
1744,밤하늘의 저 별처럼,"헤이즈 (Heize), 펀치 (Punch)",20200927
1745,위잉위잉,혁오 (hyukoh),20140918
1746,와리가리,혁오 (hyukoh),20150528
1747,Mer,혁오 (hyukoh),20150528
1748,TOMBOY,혁오 (hyukoh),20170424
1749,Paul,혁오 (hyukoh),20170424
1750,하늘나라,혁오 (hyukoh),20180531
1751,Bubble Pop!,현아,20110705
1752,Change (Feat. 용준형),현아,20100104
1753,빨개요,현아,20140728
1754,어때?,현아,20160801
1755,Lip & Hip,현아,20171204
1756,NO BREAK (Prod. by GooseBumps & 사이먼 도미닉),홀리뱅 (HolyBang) & 사이먼 도미닉 & 로꼬,20211027
1757,I'm a 빛 (I'm a B),화사,20211124
1758,마리아 (Maria),화사,20200629
1759,Kidding,화사,20200629
1760,I’m bad too (Feat. DPR LIVE),화사,20200629
1761,멍청이(twit),화사,20190213
1762,말 없이 안아줘 (feat. 크루셜스타),효린,20200131
1763,니가 더 잘 알잖아 (youknowbetter),효린,20190522
1764,BAE,효린,20180816
1765,내일할래 (To Do List),효린,20180206
1766,Over You,효린,20220718
1767,No Thanks,효린,20220718
1768,Ah Yeah,효린,20220718
1769,꺼져,효린,20161108
1770,Layin' Low (Feat. Jooyoung),효린,20220112
1771,Love Like This (Feat. Dok2),효린,20161026
1772,모닝콜 (Morning Call),효린,20200819
1773,9LIVES,효린,20200819
1774,달리 (Dally) (Feat. GRAY),효린,20180423
1775,바다보러갈래 (SEE SEA),효린,20180720
1776,아하 (A-Ha),효린,20211222
1777,My Love (Feat. 베이식),효린,20151107
1778,"없던 이유 (feat. 매드 클라운, 김승민)",효린,20210708
1779,보고싶어,효린,20160715
1780,태엽시계,효린,20171220
1781,둘 중에 골라 (Summer or Summer),"효린, 다솜",20210810
1782,Lonely,효린,20131126
1783,너 밖에 몰라 (One Way Love),효린,20131126
1784,사랑 하지 마 (Don`t Love Me),효린,20131126
1785,스토커 (Feat. 매드 클라운) (Stalker),효린,20131126
1786,마사지 (Feat. Dok2) (Massage),효린,20131126
1787,Closer,효린,20131126
1788,립스틱 짙게 바르고 (Feat. ZICO Of Block B) (Red Lipstick),효린,20131126
1789,Falling,효린,20131126
1790,O.M.G (Feat. 릴보이 Of 긱스),효린,20131126
1791,오늘 밤 (Tonight),효린,20131126
1792,더 가까이,효린,20150521
1793,안녕,효린,20140122
1794,널 사랑하겠어,효린,20120119
1795,내겐 너니까,효린,20111019
1796,미치게 만들어,효린,20131002
1797,Love Line,"효린, 범키, 주영",20151218
1798,내 입술...따뜻한 커피처럼,"효린, 인성",20220218
1799,지워 (Feat. 아이언),"효린, 주영",20141120
1800,다크팬더 (DARK PANDA),"효린, 지코 (ZICO), 팔로알토",20150826
1801,BLUE MOON (Prod. GroovyRoom),"효린, 창모 (CHANGMO)",20170414
1802,FRUITY (Prod. GroovyRoom),"효린, 키썸 (Kisum)",20170629
1803,Too young to die (Prod. by FRANTS),훅 (HOOK) & 선미,20211027
1804,D-DAY,휘인,20220417
1805,water color,휘인,20210413
1806,TRASH (Feat. pH-1),휘인,20210413
1807,오후 (OHOO),휘인,20210413
1808,Butterfly (Feat. GSoul),휘인,20210413
1809,봄이 너에게 (Springtime),휘인,20210413
1810,NO THANKS,휘인,20210413
1811,헤어지자 (Prod. 정키),휘인,20190904
1812,오묘해,휘인,20220116
1813,Pink Cloud,휘인,20220116
1814,Letter Filled With Light,휘인,20220116
1815,Deserve (Interlude),휘인,20220116
1816,파스텔,휘인,20220116
1817,Paraglide,휘인,20220116
1818,"너, 너 (N번째 연애 X 휘인 (Whee In))",휘인,20220213
1819,너의 하루 끝에,휘인,20220317
1820,내 눈물 모아,휘인,20200501
1821,그렇게 넌 내게 빛나,휘인,20200928
1822,EASY (Feat. Sik-K),휘인,20180417
1823,그림자,휘인,20171006
1824,다라다 (DA RA DA),"휘인 (마마무), Jeff Bernat, 비오 (B.O.)",20170604
1825,나르시스 (Narcissus),"휘인, 김희철&김정모",20160415
1826,Nxde,(여자)아이들,20221017
1827,진심이었던 사람만 바보가 돼,권진아,20221013
1828,기억을 걷는 시간 (Time Walking On Memory),태연,20170228
1829,ANTIFRAGILE,LE SSERAFIM (르세라핌),20221017
1830,정이라고 하자 (Feat. 10CM),BIG Naughty (서동현),20220420
1831,Rush Hour (Feat. j-hope of BTS),Crush,20220922
1832,Sweaty (Prod. by GRAY),GRAY (그레이) & 로꼬 & 쿠기 (Coogie),20220906
1833,After LIKE,IVE (아이브),20220822
1834,타이밍,KOYO (코요),20220924
1835,Attention,뉴진스 (NewJeans),20220801
1836,Hype boy,뉴진스 (NewJeans),20220801
1837,Cookie,뉴진스 (NewJeans),20220801
1838,Whistle (Prod. by GroovyRoom) (Feat. 식케이 & 미란이),그루비룸 (GroovyRoom),20220906
1839,100℃ (Prod. by 기리보이 & YEOHO) (Feat. YUNHWAY),기리보이,20220906
1840,POP!,나연 (TWICE),20220624
1841,Somebody!,"로꼬, 화사 (마마무)",20220725
1842,Lemon,"로꼬, 화사 (마마무)",20220725
1843,LAW (Prod. by Czaer),비비 (BIBI) & 윤미래,20220906
1844,FOREVER 1,소녀시대 (GIRLS' GENERATION),20220805
1845,That That (prod. & feat. SUGA of BTS),싸이 (PSY),20220429
1846,별의 조각,윤하,20220330
1847,사건의 지평선,윤하,20220330
1848,새삥 (Prod. by ZICO) (Feat. 호미들),지코 (ZICO),20220906
1849,Sparkling,청하,20220711
1850,너와 나 사이,태연 (TAEYEON),20220922
